id,symbol,watch_timestamp,direction,confidence,watch_entry,watch_stop,watch_target,entry_distance_atr,entry_anchor_100,atr_pct,location_15m,participation,entry_touch,entry_touch_timestamp,bars_to_entry,mfe_pct_after_entry,mae_pct_after_entry,first_outcome,outcome_timestamp,outcome_r,reason
BINANCE_WATCH_AVNTUSDT_2026-09-28T03:25:11.245590+00:00_LONG,AVNTUSDT,2026-09-28T03:25:11.245590+00:00,LONG,82.8,0.12657035714285714,0.12593750535714285,0.13036746785714284,5.113380281690153,0.12619,1.132436599500237,0.8888888888888895,1.0,UNFILLED,,,,,UNFILLED,,,historical Binance reconstruction
BINANCE_WATCH_FARTCOINUSDT_2026-09-28T03:25:11.245590+00:00_SHORT,FARTCOINUSDT,2026-09-28T03:25:11.245590+00:00,SHORT,84.7,0.1979357142857143,0.19892539285714286,0.19496667857142858,9.632352941176459,0.1983,0.7923560941505488,0.9863013698630133,1.0,UNFILLED,,,,,UNFILLED,,,historical Binance reconstruction
BINANCE_WATCH_XVGUSDT_2026-09-28T03:25:11.245590+00:00_SHORT,XVGUSDT,2026-09-28T03:25:11.245590+00:00,SHORT,84.0,0.003601017857142857,0.0036190229464285713,0.003492987321428571,13.24850746268653,0.003607,0.7286410301026637,0.9499999999999997,1.0,UNFILLED,,,,,UNFILLED,,,historical Binance reconstruction
BINANCE_WATCH_EIGENUSDT_2026-09-28T03:25:11.245590+00:00_SHORT,EIGENUSDT,2026-09-28T03:25:11.245590+00:00,SHORT,83.5,0.2821732142857143,0.2835840803571429,0.2737080178571429,10.048305084745751,0.2827,0.8073344280240838,0.9273504273504259,1.0,UNFILLED,,,,,UNFILLED,,,historical Binance reconstruction
BINANCE_WATCH_ENJUSDT_2026-09-28T03:25:11.245590+00:00_SHORT,ENJUSDT,2026-09-28T03:25:11.245590+00:00,SHORT,84.9,0.031180535714285716,0.031336438392857144,0.030245119642857143,9.569004524886898,0.03122,0.5320429486253552,0.9933333333333336,1.0,UNFILLED,,,,,UNFILLED,,,historical Binance reconstruction
BINANCE_WATCH_XANUSDT_2026-09-28T03:25:11.245590+00:00_SHORT,XANUSDT,2026-09-28T03:25:11.245590+00:00,SHORT,84.4,0.013161142857142857,0.013226948571428572,0.012963725714285715,8.90042372881362,0.013178,0.5368089437829081,0.9722675367047314,1.0,UNFILLED,,,,,UNFILLED,,,historical Binance reconstruction
BINANCE_WATCH_CFGUSDT_2026-09-28T03:25:11.245590+00:00_SHORT,CFGUSDT,2026-09-28T03:25:11.245590+00:00,SHORT,84.5,0.16789642857142856,0.1687359107142857,0.1628595357142857,6.749999999999987,0.1682,0.760354235620359,0.9770114942528728,1.0,UNFILLED,,,,,UNFILLED,,,historical Binance reconstruction
BINANCE_WATCH_MAGMAUSDT_2026-09-28T03:25:11.245590+00:00_SHORT,MAGMAUSDT,2026-09-28T03:25:11.245590+00:00,SHORT,84.8,0.21917964285714286,0.22027554107142858,0.2126042535714286,8.31605593056898,0.21955,0.716150329415338,0.9875486381322962,1.0,UNFILLED,,,,,UNFILLED,,,historical Binance reconstruction
BINANCE_WATCH_TRBUSDT_2026-09-28T03:25:11.245590+00:00_SHORT,TRBUSDT,2026-09-28T03:25:11.245590+00:00,SHORT,81.0,19.682714285714287,19.78112785714286,19.387473571428572,6.32201086956523,19.709,0.5528596968285676,0.9746121297602247,0.7676471614501637,UNFILLED,,,,,UNFILLED,,,historical Binance reconstruction
BINANCE_WATCH_TRUMPUSDT_2026-09-28T03:25:11.245590+00:00_SHORT,TRUMPUSDT,2026-09-28T03:25:11.245590+00:00,SHORT,84.3,2.1466607142857144,2.157394017857143,2.1144608035714287,7.6109625668449015,2.15,0.6531610199091887,0.962962962962963,1.0,UNFILLED,,,,,UNFILLED,,,historical Binance reconstruction
BINANCE_WATCH_PTBUSDT_2026-09-28T03:25:11.245590+00:00_SHORT,PTBUSDT,2026-09-28T03:25:11.245590+00:00,SHORT,84.1,0.0010371446428571428,0.0010423303660714285,0.0010060303035714284,13.72151576805698,0.0010389,0.7463253158406208,0.9540566959921803,1.0,UNFILLED,,,,,UNFILLED,,,historical Binance reconstruction
BINANCE_WATCH_JASMYUSDT_2026-09-28T03:25:11.245590+00:00_SHORT,JASMYUSDT,2026-09-28T03:25:11.245590+00:00,SHORT,84.0,0.005459785714285715,0.005487084642857143,0.005377888928571429,6.7704678362573425,0.005472,0.9525666378854106,0.9475138121546964,1.0,UNFILLED,,,,,UNFILLED,,,historical Binance reconstruction
BINANCE_WATCH_POLUSDT_2026-09-28T03:25:11.245590+00:00_SHORT,POLUSDT,2026-09-28T03:25:11.245590+00:00,SHORT,88.9,0.12529767857142857,0.1259241669642857,0.12153874821428572,10.966454456415274,0.12548,0.6217269516502252,0.9467592592592591,1.0,UNFILLED,,,,,UNFILLED,,,historical Binance reconstruction
BINANCE_WATCH_COMPUSDT_2026-09-28T03:25:11.245590+00:00_SHORT,COMPUSDT,2026-09-28T03:25:11.245590+00:00,SHORT,84.1,24.511964285714285,24.634524107142855,24.14428482142857,10.093949044585965,24.54,0.4796529390199205,0.9586776859504127,0.9920634920634961,UNFILLED,,,,,UNFILLED,,,historical Binance reconstruction
BINANCE_WATCH_APEUSDT_2026-09-28T03:25:11.245590+00:00_SHORT,APEUSDT,2026-09-28T03:25:11.245590+00:00,SHORT,79.0,0.16750535714285714,0.1683428839285714,0.16248019642857142,11.823394495412787,0.1677,0.49183286706976126,0.9791666666666661,0.6293266205160658,UNFILLED,,,,,UNFILLED,,,historical Binance reconstruction
BINANCE_WATCH_OPNUSDT_2026-09-28T03:25:11.245590+00:00_SHORT,OPNUSDT,2026-09-28T03:25:11.245590+00:00,SHORT,81.5,0.05633160714285714,0.056613265178571424,0.055486633035714286,10.096907993966823,0.05645,0.918664264930026,0.9939148073022321,0.7723498744931586,UNFILLED,,,,,UNFILLED,,,historical Binance reconstruction
BINANCE_WATCH_DEEPUSDT_2026-09-28T03:25:11.245590+00:00_SHORT,DEEPUSDT,2026-09-28T03:25:11.245590+00:00,SHORT,84.9,0.024529107142857144,0.02465175267857143,0.02379323392857143,10.448689956331867,0.02457,0.716789783398023,0.9943181818181821,1.0,UNFILLED,,,,,UNFILLED,,,historical Binance reconstruction
BINANCE_WATCH_WUSDT_2026-09-28T03:25:11.245590+00:00_SHORT,WUSDT,2026-09-28T03:25:11.245590+00:00,SHORT,82.7,0.01614675,0.01622748375,0.01590454875,9.356060606060613,0.016188,1.1299048140792993,0.9893882646691637,0.8629107341553657,UNFILLED,,,,,UNFILLED,,,historical Binance reconstruction
BINANCE_WATCH_LDOUSDT_2026-09-28T03:25:11.245590+00:00_SHORT,LDOUSDT,2026-09-28T03:25:11.245590+00:00,SHORT,84.4,0.5033,0.5058165,0.488201,7.874999999999981,0.5041,0.6693160426688979,0.9701492537313424,1.0,UNFILLED,,,,,UNFILLED,,,historical Binance reconstruction
BINANCE_WATCH_ZENUSDT_2026-09-28T03:25:11.245590+00:00_SHORT,ZENUSDT,2026-09-28T03:25:11.245590+00:00,SHORT,84.7,7.927053571428571,7.966688839285714,7.6892419642857135,11.123253493013994,7.936,0.47530501109993606,0.9829268292682934,1.0,UNFILLED,,,,,UNFILLED,,,historical Binance reconstruction
BINANCE_WATCH_SPXUSDT_2026-09-28T03:25:11.245590+00:00_SHORT,SPXUSDT,2026-09-28T03:25:11.245590+00:00,SHORT,79.7,0.4521178571428571,0.4543784464285714,0.4385543214285714,10.6579754601227,0.4527,0.5449500183878835,0.9880952380952372,0.6604506604506524,UNFILLED,,,,,UNFILLED,,,historical Binance reconstruction
BINANCE_WATCH_C98USDT_2026-09-28T03:25:11.245590+00:00_SHORT,C98USDT,2026-09-28T03:25:11.245590+00:00,SHORT,85.0,0.01682125,0.01690535625,0.0163166125,10.683333333333307,0.01684,0.46816479400749167,1.0,1.0,UNFILLED,,,,,UNFILLED,,,historical Binance reconstruction
BINANCE_WATCH_PHAUSDT_2026-09-28T03:25:11.245590+00:00_SHORT,PHAUSDT,2026-09-28T03:25:11.245590+00:00,SHORT,84.5,0.07164107142857143,0.07199927678571429,0.06949183928571429,16.532241014799148,0.07181,1.1174372179829435,0.9750644883920889,1.0,UNFILLED,,,,,UNFILLED,,,historical Binance reconstruction
BINANCE_WATCH_COWUSDT_2026-09-28T03:25:11.245590+00:00_SHORT,COWUSDT,2026-09-28T03:25:11.245590+00:00,SHORT,85.0,0.16009642857142858,0.16089691071428572,0.15769498214285715,9.20614035087722,0.1603,0.5336079385882777,1.0,1.0,UNFILLED,,,,,UNFILLED,,,historical Binance reconstruction
BINANCE_WATCH_PENDLEUSDT_2026-09-28T03:25:11.245590+00:00_SHORT,PENDLEUSDT,2026-09-28T03:25:11.245590+00:00,SHORT,83.1,2.6822142857142857,2.6956253571428572,2.601747857142857,11.027097902097886,2.6863,0.6531917323284246,0.9923371647509587,0.8812732742283949,UNFILLED,,,,,UNFILLED,,,historical Binance reconstruction
BINANCE_WATCH_AVAXUSDT_2026-09-28T03:25:11.245590+00:00_SHORT,AVAXUSDT,2026-09-28T03:25:11.245590+00:00,SHORT,81.5,11.070964285714286,11.126319107142857,10.904899821428572,4.972717149220486,11.087,0.5965667517006801,0.8230958230958207,1.0,UNFILLED,,,,,UNFILLED,,,historical Binance reconstruction
BINANCE_WATCH_OPUSDT_2026-09-28T03:25:11.245590+00:00_SHORT,OPUSDT,2026-09-28T03:25:11.245590+00:00,SHORT,85.0,0.15035767857142857,0.1511094669642857,0.1458469482142857,8.937071498530878,0.15054,0.5070117590974083,1.0,1.0,UNFILLED,,,,,UNFILLED,,,historical Binance reconstruction
BINANCE_WATCH_ARIAUSDT_2026-09-28T03:25:11.245590+00:00_SHORT,ARIAUSDT,2026-09-28T03:25:11.245590+00:00,SHORT,84.8,0.03828642857142857,0.03847786071428571,0.03713783571428571,9.596666666666607,0.03834,0.5914593273135951,0.9901960784313729,1.0,UNFILLED,,,,,UNFILLED,,,historical Binance reconstruction
BINANCE_WATCH_ORCAUSDT_2026-09-28T03:25:11.245590+00:00_SHORT,ORCAUSDT,2026-09-28T03:25:11.245590+00:00,SHORT,83.9,1.821,1.8301049999999999,1.793685,8.749999999999979,1.824,0.6993006993007008,0.9729729729729739,0.9656237929702597,UNFILLED,,,,,UNFILLED,,,historical Binance reconstruction
BINANCE_WATCH_SUIUSDT_2026-09-28T03:25:11.245590+00:00_SHORT,SUIUSDT,2026-09-28T03:25:11.245590+00:00,SHORT,71.7,1.2948,1.301274,1.275378,6.2500000000000036,1.2969,0.6761651774933587,0.9837837837837855,0.4682399529084469,UNFILLED,,,,,UNFILLED,,,historical Binance reconstruction
BINANCE_WATCH_ZAMAUSDT_2026-09-28T03:25:11.245590+00:00_SHORT,ZAMAUSDT,2026-09-28T03:25:11.245590+00:00,SHORT,79.3,0.08430696428571428,0.08472849910714285,0.08304235982142857,4.6875907111755915,0.08443,0.6001742160278764,0.9497907949790758,0.6882033843413349,UNFILLED,,,,,UNFILLED,,,historical Binance reconstruction
BINANCE_WATCH_XLMUSDT_2026-09-28T03:25:11.245590+00:00_SHORT,XLMUSDT,2026-09-28T03:25:11.245590+00:00,SHORT,84.8,0.21903142857142857,0.22012658571428573,0.21574595714285713,6.284574468085134,0.2193,0.5060701499367393,0.9915254237288129,1.0,UNFILLED,,,,,UNFILLED,,,historical Binance reconstruction
BINANCE_WATCH_LABUSDT_2026-09-28T03:25:11.245590+00:00_SHORT,LABUSDT,2026-09-28T03:25:11.245590+00:00,SHORT,84.2,0.05672446428571428,0.05700808660714285,0.05587359732142857,8.077974276527288,0.05678,0.404410808561547,0.9622641509433978,1.0,UNFILLED,,,,,UNFILLED,,,historical Binance reconstruction
BINANCE_WATCH_JTOUSDT_2026-09-28T03:25:11.245590+00:00_SHORT,JTOUSDT,2026-09-28T03:25:11.245590+00:00,SHORT,84.8,0.6032321428571429,0.6062483035714286,0.5941836607142857,8.182558139534965,0.604,0.5312971062841292,0.988549618320612,1.0,UNFILLED,,,,,UNFILLED,,,historical Binance reconstruction
BINANCE_WATCH_TUSDT_2026-09-28T03:25:11.245590+00:00_SHORT,TUSDT,2026-09-28T03:25:11.245590+00:00,SHORT,84.9,0.005878571428571428,0.0059079642857142855,0.005790392857142857,11.596153846153777,0.005886,0.5369404718880716,0.994350282485875,1.0,UNFILLED,,,,,UNFILLED,,,historical Binance reconstruction
BINANCE_WATCH_DASHUSDT_2026-09-28T03:25:11.245590+00:00_SHORT,DASHUSDT,2026-09-28T03:25:11.245590+00:00,SHORT,78.9,69.60017857142857,69.94817946428572,68.55617589285714,8.550894854586117,69.68,0.47747228097160793,1.0,0.5960363582178386,UNFILLED,,,,,UNFILLED,,,historical Binance reconstruction
BINANCE_WATCH_MOVRUSDT_2026-09-28T03:25:11.245590+00:00_SHORT,MOVRUSDT,2026-09-28T03:25:11.245590+00:00,SHORT,84.6,1.0808,1.086204,1.048376,8.500000000000034,1.0828,0.7898894154818302,0.9817671809256682,1.0,UNFILLED,,,,,UNFILLED,,,historical Binance reconstruction
BINANCE_WATCH_CRVUSDT_2026-09-28T03:25:11.245590+00:00_SHORT,CRVUSDT,2026-09-28T03:25:11.245590+00:00,SHORT,88.7,0.35549464285714283,0.35727211607142856,0.34482980357142856,9.248233215547716,0.356,0.6001866304716648,0.93658536585366,1.0,UNFILLED,,,,,UNFILLED,,,historical Binance reconstruction
BINANCE_WATCH_TAOUSDT_2026-09-28T03:25:11.245590+00:00_SHORT,TAOUSDT,2026-09-28T03:25:11.245590+00:00,SHORT,84.9,329.41482142857143,331.0618955357143,319.5323767857143,13.089797267518707,329.82,0.5258644664874399,0.9949378739070404,1.0,UNFILLED,,,,,UNFILLED,,,historical Binance reconstruction
BINANCE_WATCH_INXUSDT_2026-09-28T03:25:11.245590+00:00_SHORT,INXUSDT,2026-09-28T03:25:11.245590+00:00,SHORT,84.7,0.007932732142857142,0.007972395803571428,0.007694750178571428,6.534114913392475,0.007975,2.476148631684661,0.9870912220309809,1.0,UNFILLED,,,,,UNFILLED,,,historical Binance reconstruction
BINANCE_WATCH_UAIUSDT_2026-09-28T03:25:11.245590+00:00_SHORT,UAIUSDT,2026-09-28T03:25:11.245590+00:00,SHORT,73.3,0.31870714285714286,0.3203006785714286,0.3139265357142857,3.4304123711340293,0.3194,0.8963223064128627,0.6415094339622658,0.6977992485238987,UNFILLED,,,,,UNFILLED,,,historical Binance reconstruction
BINANCE_WATCH_GALAUSDT_2026-09-28T03:25:11.245590+00:00_SHORT,GALAUSDT,2026-09-28T03:25:11.245590+00:00,SHORT,85.0,0.002342982142857143,0.0023546970535714288,0.002272692678571429,7.9011111111111125,0.002347,0.7252449716348646,1.0,1.0,UNFILLED,,,,,UNFILLED,,,historical Binance reconstruction
BINANCE_WATCH_EDGEUSDT_2026-09-28T03:25:11.245590+00:00_SHORT,EDGEUSDT,2026-09-28T03:25:11.245590+00:00,SHORT,79.7,0.6175571428571428,0.6206449285714285,0.6082937857142856,14.019230769230772,0.6183,0.515962592712028,0.8600405679513181,0.8350610458419758,UNFILLED,,,,,UNFILLED,,,historical Binance reconstruction
BINANCE_WATCH_NMRUSDT_2026-09-28T03:25:11.245590+00:00_SHORT,NMRUSDT,2026-09-28T03:25:11.245590+00:00,SHORT,84.5,10.642589285714287,10.695802232142858,10.323311607142859,7.513539282990117,10.666,0.9421758440774413,0.9732262382864798,1.0,UNFILLED,,,,,UNFILLED,,,historical Binance reconstruction
BINANCE_WATCH_IRYSUSDT_2026-09-28T03:25:11.245590+00:00_LONG,IRYSUSDT,2026-09-28T03:25:11.245590+00:00,LONG,77.5,0.016610535714285713,0.016527483035714285,0.016859693749999998,10.077416173570034,0.01652,1.787477083627131,0.816593886462882,0.7436787307882978,UNFILLED,,,,,UNFILLED,,,historical Binance reconstruction
BINANCE_WATCH_AEROUSDT_2026-09-28T03:25:11.245590+00:00_SHORT,AEROUSDT,2026-09-28T03:25:11.245590+00:00,SHORT,84.7,0.85355,0.85781775,0.8279435,9.945652173913073,0.8547,0.5694478831393901,0.9850107066381173,1.0,UNFILLED,,,,,UNFILLED,,,historical Binance reconstruction
BINANCE_WATCH_ARXUSDT_2026-09-28T03:25:11.245590+00:00_SHORT,ARXUSDT,2026-09-28T03:25:11.245590+00:00,SHORT,84.3,0.2783125,0.2797040625,0.269963125,25.391025641025657,0.2788,0.8522727272727268,0.9653061224489795,1.0,UNFILLED,,,,,UNFILLED,,,historical Binance reconstruction
BINANCE_WATCH_PHAROSUSDT_2026-09-28T03:25:11.245590+00:00_SHORT,PHAROSUSDT,2026-09-28T03:25:11.245590+00:00,SHORT,77.5,0.7034874999999999,0.7070049374999999,0.6929351874999999,12.278925619834704,0.705,0.9615384615384616,0.9768041237113398,0.5280946345585134,UNFILLED,,,,,UNFILLED,,,historical Binance reconstruction
BINANCE_WATCH_TRIAUSDT_2026-09-28T03:25:11.245590+00:00_SHORT,TRIAUSDT,2026-09-28T03:25:11.245590+00:00,SHORT,84.5,0.004529232142857143,0.004551878303571429,0.004393355178571428,9.823563218390769,0.004537,0.7355925324675346,0.9750778816199371,1.0,UNFILLED,,,,,UNFILLED,,,historical Binance reconstruction
BINANCE_WATCH_ZKUSDT_2026-09-28T03:25:11.245590+00:00_SHORT,ZKUSDT,2026-09-28T03:25:11.245590+00:00,SHORT,89.3,0.013392321428571429,0.013459283035714286,0.012990551785714287,11.741434689507459,0.013409,0.5291005291005305,0.9642416769420453,1.0,UNFILLED,,,,,UNFILLED,,,historical Binance reconstruction
BINANCE_WATCH_BTWUSDT_2026-09-28T03:25:11.245590+00:00_LONG,BTWUSDT,2026-09-28T03:25:11.245590+00:00,LONG,83.0,1.2022035714285715,1.1961925535714286,1.220236625,4.675668979187325,1.1986,1.1353407147357972,0.8975979772439949,1.0,UNFILLED,,,,,UNFILLED,,,historical Binance reconstruction
BINANCE_WATCH_DYDXUSDT_2026-09-28T03:25:11.245590+00:00_SHORT,DYDXUSDT,2026-09-28T03:25:11.245590+00:00,SHORT,84.7,0.1437767857142857,0.14449566964285712,0.14162013392857142,7.142000000000005,0.144,0.6498232480765224,0.9850746268656733,1.0,UNFILLED,,,,,UNFILLED,,,historical Binance reconstruction
BINANCE_WATCH_VETUSDT_2026-09-28T03:25:11.245590+00:00_SHORT,VETUSDT,2026-09-28T03:25:11.245590+00:00,SHORT,80.0,0.009351928571428572,0.009398688214285715,0.009071370714285714,11.813829787233969,0.009362,0.4538724006952969,0.9957805907172991,0.6732495511669578,UNFILLED,,,,,UNFILLED,,,historical Binance reconstruction
BINANCE_WATCH_WLFIUSDT_2026-09-28T03:25:11.245590+00:00_SHORT,WLFIUSDT,2026-09-28T03:25:11.245590+00:00,SHORT,82.2,0.05874178571428572,0.05903549464285715,0.05786065892857143,5.712962962962985,0.05879,0.33458907504709134,0.8984375000000017,0.9487666034155711,UNFILLED,,,,,UNFILLED,,,historical Binance reconstruction
BINANCE_WATCH_STXUSDT_2026-09-28T03:25:11.245590+00:00_SHORT,STXUSDT,2026-09-28T03:25:11.245590+00:00,SHORT,78.1,0.34530357142857143,0.34703008928571427,0.3349444642857143,11.353603603603592,0.3457,0.48448343590415205,0.9839572192513386,0.558262281770222,UNFILLED,,,,,UNFILLED,,,historical Binance reconstruction
BINANCE_WATCH_WIFUSDT_2026-09-28T03:25:11.245590+00:00_SHORT,WIFUSDT,2026-09-28T03:25:11.245590+00:00,SHORT,72.4,0.2485517857142857,0.24979454464285714,0.24482350892857144,8.078205128205134,0.2489,0.5869604478959713,1.0,0.49019607843135743,UNFILLED,,,,,UNFILLED,,,historical Binance reconstruction
BINANCE_WATCH_SYRUPUSDT_2026-09-28T03:25:11.245590+00:00_SHORT,SYRUPUSDT,2026-09-28T03:25:11.245590+00:00,SHORT,84.1,0.2203667857142857,0.22146861964285713,0.21375578214285712,8.566077953714922,0.22066,0.5576536434277044,1.0,0.9377019211069583,UNFILLED,,,,,UNFILLED,,,historical Binance reconstruction
BINANCE_WATCH_1000LUNCUSDT_2026-09-28T03:25:11.245590+00:00_SHORT,1000LUNCUSDT,2026-09-28T03:25:11.245590+00:00,SHORT,72.1,0.05645714285714286,0.05673942857142857,0.055610285714285716,9.02027027027032,0.05651,0.3875867487233185,0.9898989898989903,0.4874185097179078,UNFILLED,,,,,UNFILLED,,,historical Binance reconstruction
BINANCE_WATCH_IOTAUSDT_2026-09-28T03:25:11.245590+00:00_SHORT,IOTAUSDT,2026-09-28T03:25:11.245590+00:00,SHORT,80.8,0.053877321428571434,0.054146708035714294,0.05306916160714286,5.949192462987908,0.05401,1.0463609734114445,0.7908653846153841,1.0,UNFILLED,,,,,UNFILLED,,,historical Binance reconstruction
BINANCE_WATCH_BASEDUSDT_2026-09-28T03:25:11.245590+00:00_SHORT,BASEDUSDT,2026-09-28T03:25:11.245590+00:00,SHORT,84.5,0.07266125,0.07302455625,0.07048141249999999,7.17528735632184,0.07277,0.6255392579810165,0.9768211920529799,1.0,UNFILLED,,,,,UNFILLED,,,historical Binance reconstruction
BINANCE_WATCH_BLUAIUSDT_2026-09-28T03:25:11.245590+00:00_SHORT,BLUAIUSDT,2026-09-28T03:25:11.245590+00:00,SHORT,81.1,0.010332410714285714,0.010384072767857142,0.01017742455357143,12.964137214137196,0.010341,0.3474981577540497,0.9907192575406021,0.7551349174385807,UNFILLED,,,,,UNFILLED,,,historical Binance reconstruction
