id,timestamp,symbol,provider,direction,score,v2_score,confidence,strategy_version,location_15m,reversal_5m,exhaustion_15m,base_15m,structure_shift_5m,reversal_trigger_5m,early_reversal_score,entry,stop,target,risk_pct,reward_r
Bitget_2026-09-19T08:15:40.586735+00:00_ORDERUSDT_LONG_0.0374,2026-09-19T08:15:40.586735+00:00,ORDERUSDT,Bitget,LONG,0.0,0.0,83.0,legacy,1.0,0.5,,,,,,0.0374,0.037132285714,0.037988571429,0.7632,2.0
Bitget_2026-09-20T03:49:48.403589+00:00_AVAXUSDT_LONG_9.548,2026-09-20T03:49:48.403589+00:00,AVAXUSDT,Bitget,LONG,0.0,0.0,81.2,legacy,1.0,0.5,1.0,1.0,0.0,0.75,0.8125,9.548,9.436142857143,9.825285714286,1.3585,2.0
Bitget_2026-09-20T03:50:09.068824+00:00_PHAUSDT_LONG_0.03514,2026-09-20T03:50:09.068824+00:00,PHAUSDT,Bitget,LONG,0.0,0.0,80.0,legacy,1.0,0.5,1.0,0.0,1.0,1.0,0.8,0.03514,0.034592857143,0.036405714286,1.7197,2.0
Bitget_2026-09-20T03:50:12.616035+00:00_SOLUSDT_LONG_108.738,2026-09-20T03:50:12.616035+00:00,SOLUSDT,Bitget,LONG,0.0,0.0,80.0,legacy,1.0,0.5,1.0,0.0,1.0,1.0,0.8,108.738,107.439328571429,111.691357142857,1.3034,2.0
Bitget_2026-09-20T03:50:17.843872+00:00_WIFUSDT_LONG_0.2009,2026-09-20T03:50:17.843872+00:00,WIFUSDT,Bitget,LONG,0.0,0.0,80.0,legacy,1.0,0.5,1.0,0.0,1.0,1.0,0.8,0.2009,0.197462857143,0.208785714286,1.8787,2.0
Bitget_2026-09-20T10:11:14.690391+00:00_BTWUSDT_SHORT_0.625282,2026-09-20T10:11:14.690391+00:00,BTWUSDT,Bitget,SHORT,0.0,0.0,80.0,legacy,1.0,0.5,1.0,0.0,1.0,1.0,0.8,0.625282,0.631523357143,0.610614214286,1.1147,2.0
Bitget_2026-09-20T10:11:26.284173+00:00_MORPHOUSDT_LONG_2.5015,2026-09-20T10:11:26.284173+00:00,MORPHOUSDT,Bitget,LONG,0.0,0.0,85.0,legacy,1.0,1.0,1.0,1.0,0.0,1.0,0.85,2.5015,2.498878571429,2.509507142857,0.1416,2.0
Bitget_2026-09-20T10:11:39.539256+00:00_XTZUSDT_SHORT_0.3471,2026-09-20T10:11:39.539256+00:00,XTZUSDT,Bitget,SHORT,0.0,0.0,80.0,legacy,1.0,0.5,1.0,0.0,1.0,1.0,0.8,0.3471,0.351597142857,0.336614285714,1.4389,2.0
Bitget_2026-09-20T10:15:27.709377+00:00_FUSDT_LONG_0.003658,2026-09-20T10:15:27.709377+00:00,FUSDT,Bitget,LONG,0.0,0.0,81.2,legacy,1.0,0.5,1.0,1.0,0.0,0.75,0.8125,0.003658,0.003630557143,0.003723214286,0.8443,2.0
Bitget_2026-09-20T10:20:17.487899+00:00_AVAUSDT_LONG_0.2209,2026-09-20T10:20:17.487899+00:00,AVAUSDT,Bitget,LONG,0.0,0.0,81.2,legacy,1.0,0.5,1.0,1.0,0.0,0.75,0.8125,0.2209,0.218772857143,0.225835714286,1.0658,2.0
Bitget_2026-09-20T10:20:18.855825+00:00_BLESSUSDT_LONG_0.009144,2026-09-20T10:20:18.855825+00:00,BLESSUSDT,Bitget,LONG,0.0,0.0,100.0,legacy,1.0,0.5,1.0,1.0,1.0,1.0,1.0,0.009144,0.008991242857,0.009475785714,1.7663,2.0
Bitget_2026-09-20T10:20:20.875261+00:00_CAPUSDT_LONG_0.04492,2026-09-20T10:20:20.875261+00:00,CAPUSDT,Bitget,LONG,0.0,0.0,81.2,legacy,1.0,0.5,1.0,1.0,0.0,0.75,0.8125,0.04492,0.044697857143,0.045430714286,0.5438,2.0
Bitget_2026-09-20T10:20:27.112825+00:00_GRAMUSDT_LONG_1.3695,2026-09-20T10:20:27.112825+00:00,GRAMUSDT,Bitget,LONG,0.0,0.0,81.2,legacy,1.0,0.5,1.0,1.0,0.0,0.75,0.8125,1.3695,1.366097142857,1.377538264286,0.2785,2.0
Bitget_2026-09-20T10:20:27.543117+00:00_GRVTUSDT_LONG_0.18413,2026-09-20T10:20:27.543117+00:00,GRVTUSDT,Bitget,LONG,0.0,0.0,81.2,legacy,1.0,0.5,1.0,1.0,0.0,0.75,0.8125,0.18413,0.183281714286,0.186121428571,0.5141,2.0
Bitget_2026-09-20T10:26:29.577847+00:00_ACEUSDT_LONG_0.1527,2026-09-20T10:26:29.577847+00:00,ACEUSDT,Bitget,LONG,0.0,0.0,100.0,legacy,1.0,0.5,1.0,1.0,1.0,1.0,1.0,0.1527,0.151722857143,0.154885714286,0.6904,2.0
Bitget_2026-09-20T10:26:42.159625+00:00_GRVTUSDT_LONG_0.18434,2026-09-20T10:26:42.159625+00:00,GRVTUSDT,Bitget,LONG,0.0,0.0,81.2,legacy,1.0,0.5,1.0,1.0,0.0,0.75,0.8125,0.18434,0.183295571429,0.186682142857,0.6124,2.0
Bitget_2026-09-20T10:26:45.201483+00:00_KMNOUSDT_LONG_0.02639,2026-09-20T10:26:45.201483+00:00,KMNOUSDT,Bitget,LONG,0.0,0.0,80.0,legacy,1.0,1.0,1.0,0.0,1.0,1.0,0.8,0.02639,0.026120857143,0.027045714286,1.1682,2.0
Bitget_2026-09-20T10:45:16.537828+00:00_AVAUSDT_LONG_0.2206,2026-09-20T10:45:16.537828+00:00,AVAUSDT,Bitget,LONG,0.0,0.0,85.0,legacy,1.0,1.0,1.0,1.0,0.0,1.0,0.85,0.2206,0.217672857143,0.227135714286,1.4299,2.0
Bitget_2026-09-20T10:45:27.430185+00:00_HUSDT_LONG_0.07236,2026-09-20T10:45:27.430185+00:00,HUSDT,Bitget,LONG,0.0,0.0,85.0,legacy,1.0,1.0,1.0,1.0,0.0,1.0,0.85,0.07236,0.071844285714,0.073618571429,0.8173,2.0
Bitget_2026-09-20T11:30:54.703205+00:00_BLESSUSDT_LONG_0.00905,2026-09-20T11:30:54.703205+00:00,BLESSUSDT,Bitget,LONG,0.0,0.0,80.0,legacy,1.0,0.5,1.0,0.0,1.0,1.0,0.8,0.00905,0.008907585714,0.009372071429,1.7108,2.0
Bitget_2026-09-20T11:31:03.516582+00:00_HUSDT_LONG_0.07285,2026-09-20T11:31:03.516582+00:00,HUSDT,Bitget,LONG,0.0,0.0,100.0,legacy,1.0,0.5,1.0,1.0,1.0,1.0,1.0,0.07285,0.072069,0.074595,1.1558,2.0
Bitget_2026-09-20T11:31:05.281473+00:00_LAUSDT_LONG_0.06753,2026-09-20T11:31:05.281473+00:00,LAUSDT,Bitget,LONG,0.0,0.0,81.2,legacy,1.0,0.5,1.0,1.0,0.0,0.75,0.8125,0.06753,0.067290571429,0.068157142857,0.4277,2.0
Bitget_2026-09-20T11:31:06.732765+00:00_METUSDT_LONG_0.2474,2026-09-20T11:31:06.732765+00:00,METUSDT,Bitget,LONG,0.0,0.0,81.2,legacy,1.0,0.5,1.0,1.0,0.0,0.75,0.8125,0.2474,0.246168571429,0.250257142857,0.5509,2.0
Bitget_2026-09-20T12:00:51.859750+00:00_EDGEUSDT_LONG_0.5595,2026-09-20T12:00:51.859750+00:00,EDGEUSDT,Bitget,LONG,0.0,0.0,100.0,legacy,1.0,0.5,1.0,1.0,1.0,1.0,1.0,0.5595,0.550787142857,0.578464285714,1.6489,2.0
Bitget_2026-09-20T12:00:53.850341+00:00_FETUSDT_SHORT_0.171,2026-09-20T12:00:53.850341+00:00,FETUSDT,Bitget,SHORT,0.0,0.0,81.2,legacy,1.0,0.5,1.0,1.0,0.0,0.75,0.8125,0.171,0.171437142857,0.169714285714,0.3358,2.0
Bitget_2026-09-20T12:00:54.326066+00:00_GASUSDT_LONG_1.324,2026-09-20T12:00:54.326066+00:00,GASUSDT,Bitget,LONG,0.0,0.0,100.0,legacy,1.0,0.5,1.0,1.0,1.0,1.0,1.0,1.324,1.319642857143,1.333905885714,0.3591,2.0
Bitget_2026-09-20T12:00:54.391348+00:00_GENIUSUSDT_LONG_0.34318,2026-09-20T12:00:54.391348+00:00,GENIUSUSDT,Bitget,LONG,0.0,0.0,100.0,legacy,1.0,0.5,1.0,1.0,1.0,1.0,1.0,0.34318,0.338354285714,0.353928571429,1.5127,2.0
Bitget_2026-09-20T12:00:57.858559+00:00_KAITOUSDT_LONG_0.3272,2026-09-20T12:00:57.858559+00:00,KAITOUSDT,Bitget,LONG,0.0,0.0,100.0,legacy,1.0,0.5,1.0,1.0,1.0,1.0,1.0,0.3272,0.325437142857,0.331214285714,0.5885,2.0
Bitget_2026-09-20T12:00:58.651608+00:00_LABUSDT_LONG_0.0518,2026-09-20T12:00:58.651608+00:00,LABUSDT,Bitget,LONG,0.0,0.0,87.5,legacy,1.0,0.5,0.5,1.0,1.0,1.0,0.875,0.0518,0.051052857143,0.053435714286,1.5334,2.0
Bitget_2026-09-20T12:01:05.657256+00:00_PUMPUSDT_SHORT_0.00405,2026-09-20T12:01:05.657256+00:00,PUMPUSDT,Bitget,SHORT,0.0,0.0,81.2,legacy,1.0,0.5,1.0,1.0,0.0,0.75,0.8125,0.00405,0.004071514286,0.003996428571,0.618,2.0
Bitget_2026-09-20T12:01:09.711777+00:00_SQDUSDT_LONG_0.02751,2026-09-20T12:01:09.711777+00:00,SQDUSDT,Bitget,LONG,0.0,0.0,87.5,legacy,1.0,0.5,0.5,1.0,1.0,1.0,0.875,0.02751,0.027395714286,0.027763330429,0.4454,2.0
Bitget_2026-09-20T12:01:15.286943+00:00_XTZUSDT_LONG_0.3413,2026-09-20T12:01:15.286943+00:00,XTZUSDT,Bitget,LONG,0.0,0.0,80.0,legacy,1.0,0.5,1.0,0.0,1.0,1.0,0.8,0.3413,0.335891428571,0.352742857143,1.6458,2.0
Bitget_2026-09-20T12:46:06.201946+00:00_LAUSDT_LONG_0.06777,2026-09-20T12:46:06.201946+00:00,LAUSDT,Bitget,LONG,0.0,0.0,81.2,legacy,1.0,0.5,1.0,1.0,0.0,0.75,0.8125,0.06777,0.067340571429,0.068747142857,0.6918,2.0
Bitget_2026-09-20T12:46:06.239146+00:00_LDOUSDT_LONG_0.399,2026-09-20T12:46:06.239146+00:00,LDOUSDT,Bitget,LONG,0.0,0.0,81.2,legacy,1.0,0.5,1.0,1.0,0.0,0.75,0.8125,0.399,0.397425714286,0.402671428571,0.4382,2.0
Bitget_2026-09-20T12:46:07.134889+00:00_MAGMAUSDT_LONG_0.22431,2026-09-20T12:46:07.134889+00:00,MAGMAUSDT,Bitget,LONG,0.0,0.0,85.0,legacy,1.0,1.0,1.0,1.0,0.0,1.0,0.85,0.22431,0.223704857143,0.225925714286,0.33,2.0
Bitget_2026-09-20T12:46:19.146660+00:00_WIFUSDT_LONG_0.196,2026-09-20T12:46:19.146660+00:00,WIFUSDT,Bitget,LONG,0.0,0.0,85.0,legacy,1.0,1.0,1.0,1.0,0.0,1.0,0.85,0.196,0.195794285714,0.196728571429,0.1589,2.0
Bitget_2026-09-20T13:03:02.758557+00:00_AWEUSDT_LONG_0.062837,2026-09-20T13:03:02.758557+00:00,AWEUSDT,Bitget,LONG,0.0,0.0,80.0,legacy,1.0,0.5,1.0,0.0,1.0,1.0,0.8,0.062837,0.062649642857,0.063268267586,0.3282,2.0
Bitget_2026-09-20T13:03:08.546670+00:00_CTSIUSDT_LONG_0.02914,2026-09-20T13:03:08.546670+00:00,CTSIUSDT,Bitget,LONG,0.0,0.0,85.0,legacy,1.0,1.0,1.0,1.0,0.0,1.0,0.85,0.02914,0.028891714286,0.029781428571,1.0177,2.0
Bitget_2026-09-20T13:03:08.891063+00:00_CYSUSDT_LONG_0.15226,2026-09-20T13:03:08.891063+00:00,CYSUSDT,Bitget,LONG,0.0,0.0,85.0,legacy,1.0,1.0,1.0,1.0,0.0,1.0,0.85,0.15226,0.151333714286,0.154671428571,0.7307,2.0
Bitget_2026-09-20T13:03:09.766290+00:00_EDGEUSDT_LONG_0.5595,2026-09-20T13:03:09.766290+00:00,EDGEUSDT,Bitget,LONG,0.0,0.0,100.0,legacy,1.0,0.5,1.0,1.0,1.0,1.0,1.0,0.5595,0.554667142857,0.570164285714,0.9233,2.0
Bitget_2026-09-20T13:03:15.959733+00:00_KERNELUSDT_LONG_0.04094,2026-09-20T13:03:15.959733+00:00,KERNELUSDT,Bitget,LONG,0.0,0.0,80.0,legacy,1.0,0.5,1.0,0.0,1.0,1.0,0.8,0.04094,0.040777428571,0.041302857143,0.4278,2.0
Bitget_2026-09-20T13:03:17.466936+00:00_MINAUSDT_LONG_0.10352,2026-09-20T13:03:17.466936+00:00,MINAUSDT,Bitget,LONG,0.0,0.0,80.0,legacy,1.0,0.5,1.0,0.0,1.0,1.0,0.8,0.10352,0.102246142857,0.106289285714,1.3019,2.0
Bitget_2026-09-20T13:03:27.487864+00:00_TRBUSDT_LONG_17.465,2026-09-20T13:03:27.487864+00:00,TRBUSDT,Bitget,LONG,0.0,0.0,80.0,legacy,1.0,0.5,1.0,0.0,1.0,1.0,0.8,17.465,17.352857142857,17.707714285714,0.6773,2.0
Bitget_2026-09-20T13:03:28.622128+00:00_UNIUSDT_LONG_8.656,2026-09-20T13:03:28.622128+00:00,UNIUSDT,Bitget,LONG,0.0,0.0,80.0,legacy,1.0,0.5,1.0,0.0,1.0,1.0,0.8,8.656,8.582685714286,8.824571428571,0.9315,2.0
Bitget_2026-09-20T13:03:28.710957+00:00_USUALUSDT_LONG_0.01282,2026-09-20T13:03:28.710957+00:00,USUALUSDT,Bitget,LONG,0.0,0.0,87.5,legacy,1.0,0.5,0.5,1.0,1.0,1.0,0.875,0.01282,0.012742428571,0.012997857143,0.6641,2.0
Bitget_2026-09-20T13:05:51.597060+00:00_CTSIUSDT_LONG_0.02904,2026-09-20T13:05:51.597060+00:00,CTSIUSDT,Bitget,LONG,0.0,0.0,85.0,legacy,1.0,1.0,1.0,1.0,0.0,1.0,0.85,0.02904,0.028927285714,0.029423571429,0.5697,2.0
Bitget_2026-09-20T13:05:51.815536+00:00_CYSUSDT_LONG_0.15255,2026-09-20T13:05:51.815536+00:00,CYSUSDT,Bitget,LONG,0.0,0.0,81.2,legacy,1.0,0.5,1.0,1.0,0.0,0.75,0.8125,0.15255,0.151120285714,0.155918571429,1.0485,2.0
Bitget_2026-09-20T13:05:52.761002+00:00_EDGEUSDT_LONG_0.5598,2026-09-20T13:05:52.761002+00:00,EDGEUSDT,Bitget,LONG,0.0,0.0,100.0,legacy,1.0,0.5,1.0,1.0,1.0,1.0,1.0,0.5598,0.556011428571,0.568242857143,0.7283,2.0
Bitget_2026-09-20T13:05:59.659443+00:00_KMNOUSDT_SHORT_0.02741,2026-09-20T13:05:59.659443+00:00,KMNOUSDT,Bitget,SHORT,0.0,0.0,85.0,legacy,1.0,1.0,1.0,1.0,0.0,1.0,0.85,0.02741,0.027662142857,0.026869285714,0.9642,2.0
Bitget_2026-09-20T13:06:04.058398+00:00_ONDOUSDT_SHORT_0.4102,2026-09-20T13:06:04.058398+00:00,ONDOUSDT,Bitget,SHORT,0.0,0.0,87.5,legacy,1.0,0.5,0.5,1.0,1.0,1.0,0.875,0.4102,0.414071428571,0.401342857143,1.0343,2.0
Bitget_2026-09-20T13:06:06.405999+00:00_POLUSDT_LONG_0.10376,2026-09-20T13:06:06.405999+00:00,POLUSDT,Bitget,LONG,0.0,0.0,80.0,legacy,1.0,0.5,1.0,0.0,1.0,1.0,0.8,0.10376,0.103057285714,0.105353571429,0.7377,2.0
Bitget_2026-09-20T13:06:12.226068+00:00_TRBUSDT_LONG_17.47,2026-09-20T13:06:12.226068+00:00,TRBUSDT,Bitget,LONG,0.0,0.0,80.0,legacy,1.0,0.5,1.0,0.0,1.0,1.0,0.8,17.47,17.353414285714,17.719928571429,0.6993,2.0
Bitget_2026-09-20T13:51:00.926068+00:00_C98USDT_LONG_0.01508,2026-09-20T13:51:00.926068+00:00,C98USDT,Bitget,LONG,0.0,0.0,87.5,legacy,1.0,0.5,0.5,1.0,1.0,1.0,0.875,0.01508,0.015015428571,0.01574,0.4585,9.48
Bitget_2026-09-20T13:51:07.564824+00:00_GRASSUSDT_SHORT_0.3583,2026-09-20T13:51:07.564824+00:00,GRASSUSDT,Bitget,SHORT,0.0,0.0,80.0,legacy,1.0,0.5,1.0,0.0,1.0,1.0,0.8,0.3583,0.361056571429,0.35041,0.8242,2.61
Bitget_2026-09-20T13:51:10.431298+00:00_KMNOUSDT_SHORT_0.0276,2026-09-20T13:51:10.431298+00:00,KMNOUSDT,Bitget,SHORT,0.0,0.0,81.2,legacy,1.0,0.5,1.0,1.0,0.0,0.75,0.8125,0.0276,0.027715571429,0.02613,0.4752,11.09
Bitget_2026-09-20T13:51:16.249451+00:00_POWERUSDT_SHORT_0.12784,2026-09-20T13:51:16.249451+00:00,POWERUSDT,Bitget,SHORT,0.0,0.0,81.2,legacy,1.0,0.5,1.0,1.0,0.0,0.75,0.8125,0.12784,0.128728,0.10747,0.8339,18.94
Bitget_2026-09-20T13:51:18.606596+00:00_SKLUSDT_LONG_0.004264,2026-09-20T13:51:18.606596+00:00,SKLUSDT,Bitget,LONG,0.0,0.0,81.2,legacy,1.0,0.5,1.0,1.0,0.0,0.75,0.8125,0.004264,0.004230814286,0.005246,0.9702,23.54
Bitget_2026-09-20T13:51:22.555147+00:00_TUSDT_LONG_0.004923,2026-09-20T13:51:22.555147+00:00,TUSDT,Bitget,LONG,0.0,0.0,81.2,legacy,1.0,0.5,1.0,1.0,0.0,0.75,0.8125,0.004923,0.004892628571,0.005463,0.7057,15.42
Bitget_2026-09-20T13:51:25.818381+00:00_XPLUSDT_LONG_0.08684,2026-09-20T13:51:25.818381+00:00,XPLUSDT,Bitget,LONG,0.0,0.0,80.0,legacy,1.0,0.5,1.0,0.0,1.0,1.0,0.8,0.08684,0.085558428571,0.09217,1.6043,3.75
Bitget_2026-09-20T13:51:26.659491+00:00_ZILUSDT_LONG_0.003522,2026-09-20T13:51:26.659491+00:00,ZILUSDT,Bitget,LONG,0.0,0.0,81.2,legacy,1.0,0.5,1.0,1.0,0.0,0.75,0.8125,0.003522,0.003485142857,0.00438,1.1844,20.45
Bitget_2026-09-20T14:46:41.549296+00:00_KERNELUSDT_LONG_0.04084,2026-09-20T14:46:41.549296+00:00,KERNELUSDT,Bitget,LONG,0.0,0.0,80.0,legacy,1.0,0.5,1.0,0.0,1.0,1.0,0.8,0.04084,0.040676571429,0.04205,0.4302,6.82
Bitget_2026-09-20T14:46:51.404585+00:00_SKLUSDT_LONG_0.004228,2026-09-20T14:46:51.404585+00:00,SKLUSDT,Bitget,LONG,0.0,0.0,81.2,legacy,1.0,0.5,1.0,1.0,0.0,0.75,0.8125,0.004228,0.004205814286,0.005041,0.6237,30.67
Bitget_2026-09-20T14:46:54.952602+00:00_TRXUSDT_SHORT_0.34506,2026-09-20T14:46:54.952602+00:00,TRXUSDT,Bitget,SHORT,0.0,0.0,80.0,legacy,1.0,0.5,1.0,0.0,1.0,1.0,0.8,0.34506,0.346399142857,0.33977,0.4226,3.55
Bitget_2026-09-20T15:33:14.934412+00:00_GRVTUSDT_SHORT_0.18856,2026-09-20T15:33:14.934412+00:00,GRVTUSDT,Bitget,SHORT,0.0,0.0,87.5,legacy,1.0,0.5,0.5,1.0,1.0,1.0,0.875,0.18856,0.190293,0.18179,0.979,3.61
Bitget_2026-09-20T15:33:21.087582+00:00_MUBARAKUSDT_LONG_0.03183,2026-09-20T15:33:21.087582+00:00,MUBARAKUSDT,Bitget,LONG,0.0,0.0,80.0,legacy,1.0,0.5,1.0,0.0,1.0,1.0,0.8,0.03183,0.031510571429,0.03287,1.0646,3.01
Bitget_2026-09-20T16:45:32.015335+00:00_MIRAUSDT_SHORT_0.05151,2026-09-20T16:45:32.015335+00:00,MIRAUSDT,Bitget,SHORT,0.0,0.0,81.2,legacy,1.0,0.5,1.0,1.0,0.0,0.75,0.8125,0.05151,0.051622428571,0.04785,0.2812,25.04
Bitget_2026-09-20T16:45:36.017354+00:00_PIEVERSEUSDT_LONG_1.61037,2026-09-20T16:45:36.017354+00:00,PIEVERSEUSDT,Bitget,LONG,0.0,0.0,81.2,legacy,1.0,0.5,1.0,1.0,0.0,0.75,0.8125,1.61037,1.584807428571,1.9376,1.7925,11.22
Bitget_2026-09-20T16:45:42.743599+00:00_UBUSDT_LONG_0.13187,2026-09-20T16:45:42.743599+00:00,UBUSDT,Bitget,LONG,0.0,0.0,81.2,legacy,1.0,0.5,1.0,1.0,0.0,0.75,0.8125,0.13187,0.130265428571,0.18257,1.4326,26.69
Bitget_2026-09-20T17:04:55.253654+00:00_AEROUSDT_SHORT_0.6645,2026-09-20T17:04:55.253654+00:00,AEROUSDT,Bitget,SHORT,0.0,0.0,80.0,legacy,1.0,0.5,1.0,0.0,1.0,1.0,0.8,0.6645,0.672685714286,0.6419,1.305,2.55
Bitget_2026-09-20T17:04:59.842414+00:00_BEATUSDT_SHORT_0.0861,2026-09-20T17:04:59.842414+00:00,BEATUSDT,Bitget,SHORT,0.0,0.0,80.0,legacy,1.0,0.5,1.0,0.0,1.0,1.0,0.8,0.0861,0.087214285714,0.0834,1.4269,2.1
Bitget_2026-09-20T17:05:08.001411+00:00_FARTCOINUSDT_SHORT_0.1696,2026-09-20T17:05:08.001411+00:00,FARTCOINUSDT,Bitget,SHORT,0.0,0.0,80.0,legacy,1.0,0.5,1.0,0.0,1.0,1.0,0.8,0.1696,0.17122,0.1598,1.0849,5.21
Bitget_2026-09-20T17:05:09.091037+00:00_GALAUSDT_SHORT_0.001928,2026-09-20T17:05:09.091037+00:00,GALAUSDT,Bitget,SHORT,0.0,0.0,80.0,legacy,1.0,0.5,1.0,0.0,1.0,1.0,0.8,0.001928,0.001948114286,0.001829,1.1529,4.36
Bitget_2026-09-20T17:05:10.480337+00:00_HOMEUSDT_SHORT_0.006434,2026-09-20T17:05:10.480337+00:00,HOMEUSDT,Bitget,SHORT,0.0,0.0,80.0,legacy,1.0,0.5,1.0,0.0,1.0,1.0,0.8,0.006434,0.006521442857,0.006043,1.4592,4.1
Bitget_2026-09-20T17:05:11.429633+00:00_ICPUSDT_SHORT_2.916,2026-09-20T17:05:11.429633+00:00,ICPUSDT,Bitget,SHORT,0.0,0.0,80.0,legacy,1.0,0.5,1.0,0.0,1.0,1.0,0.8,2.916,2.963242857143,2.743,1.7656,3.28
Bitget_2026-09-20T17:05:19.509733+00:00_PONSUSDT_SHORT_0.58846,2026-09-20T17:05:19.509733+00:00,PONSUSDT,Bitget,SHORT,0.0,0.0,85.0,legacy,1.0,1.0,1.0,1.0,0.0,1.0,0.85,0.58846,0.589449285714,0.55718,0.3192,16.18
Bitget_2026-09-20T17:05:20.815043+00:00_REZUSDT_SHORT_0.003613,2026-09-20T17:05:20.815043+00:00,REZUSDT,Bitget,SHORT,0.0,0.0,80.0,legacy,1.0,0.5,1.0,0.0,1.0,1.0,0.8,0.003613,0.003633457143,0.003403,0.6619,8.64
Bitget_2026-09-20T17:05:26.137442+00:00_UBUSDT_LONG_0.13076,2026-09-20T17:05:26.137442+00:00,UBUSDT,Bitget,LONG,0.0,0.0,85.0,legacy,1.0,1.0,1.0,1.0,0.0,1.0,0.85,0.13076,0.129731142857,0.18257,1.0077,39.1
Bitget_2026-09-20T19:18:48.698501+00:00_BEATUSDT_SHORT_0.0865,2026-09-20T19:18:48.698501+00:00,BEATUSDT,Bitget,SHORT,0.0,0.0,81.2,legacy,1.0,0.5,1.0,1.0,0.0,0.75,0.8125,0.0865,0.086784285714,0.0838,0.4261,7.1
Bitget_2026-09-20T19:18:53.483434+00:00_DASHUSDT_SHORT_56.95,2026-09-20T19:18:53.483434+00:00,DASHUSDT,Bitget,SHORT,0.0,0.0,85.0,legacy,1.0,1.0,1.0,1.0,0.0,1.0,0.85,56.95,57.234857142857,54.42,0.579,7.54
Bitget_2026-09-20T19:18:57.971501+00:00_HOMEUSDT_SHORT_0.006423,2026-09-20T19:18:57.971501+00:00,HOMEUSDT,Bitget,SHORT,0.0,0.0,80.0,legacy,1.0,0.5,1.0,0.0,1.0,1.0,0.8,0.006423,0.0064841,0.006069,0.9995,5.47
Bitget_2026-09-20T19:19:02.534536+00:00_MORPHOUSDT_SHORT_2.7121,2026-09-20T19:19:02.534536+00:00,MORPHOUSDT,Bitget,SHORT,0.0,0.0,81.2,legacy,1.0,0.5,1.0,1.0,0.0,0.75,0.8125,2.7121,2.749524285714,2.4739,1.5062,5.75
Bitget_2026-09-20T19:25:37.823303+00:00_BEATUSDT_SHORT_0.0864,2026-09-20T19:25:37.823303+00:00,BEATUSDT,Bitget,SHORT,0.0,0.0,81.2,legacy,1.0,0.5,1.0,1.0,0.0,0.75,0.8125,0.0864,0.08678,0.0838,0.5324,5.48
Bitget_2026-09-20T19:25:44.121700+00:00_EGLDUSDT_SHORT_3.707,2026-09-20T19:25:44.121700+00:00,EGLDUSDT,Bitget,SHORT,0.0,0.0,81.2,legacy,1.0,0.5,1.0,1.0,0.0,0.75,0.8125,3.707,3.714057142857,3.52,0.2459,20.29
Bitget_2026-09-20T19:25:45.392274+00:00_EULUSDT_SHORT_1.378,2026-09-20T19:25:45.392274+00:00,EULUSDT,Bitget,SHORT,0.0,0.0,80.0,legacy,1.0,0.5,1.0,0.0,1.0,1.0,0.8,1.378,1.383357142857,1.344,0.4188,5.82
Bitget_2026-09-20T19:25:48.278148+00:00_HOMEUSDT_SHORT_0.006403,2026-09-20T19:25:48.278148+00:00,HOMEUSDT,Bitget,SHORT,0.0,0.0,80.0,legacy,1.0,0.5,1.0,0.0,1.0,1.0,0.8,0.006403,0.0064834,0.006069,1.3088,3.95
Bitget_2026-09-20T19:25:50.199931+00:00_KAITOUSDT_SHORT_0.3293,2026-09-20T19:25:50.199931+00:00,KAITOUSDT,Bitget,SHORT,0.0,0.0,87.5,legacy,1.0,0.5,0.5,1.0,1.0,1.0,0.875,0.3293,0.331127142857,0.3212,0.5935,4.08
Bitget_2026-09-20T19:25:57.140897+00:00_POLUSDT_SHORT_0.10636,2026-09-20T19:25:57.140897+00:00,POLUSDT,Bitget,SHORT,0.0,0.0,87.5,legacy,1.0,0.5,0.5,1.0,1.0,1.0,0.875,0.10636,0.107179,0.10291,0.8255,3.86
Bitget_2026-09-20T19:26:01.109311+00:00_SPKUSDT_SHORT_0.02136,2026-09-20T19:26:01.109311+00:00,SPKUSDT,Bitget,SHORT,0.0,0.0,80.0,legacy,1.0,0.5,1.0,0.0,1.0,1.0,0.8,0.02136,0.021664142857,0.01986,1.5369,4.5
Bitget_2026-09-20T19:26:02.090565+00:00_STXUSDT_SHORT_0.3169,2026-09-20T19:26:02.090565+00:00,STXUSDT,Bitget,SHORT,0.0,0.0,80.0,legacy,1.0,0.5,1.0,0.0,1.0,1.0,0.8,0.3169,0.318368571429,0.3057,0.5166,6.74
Bitget_2026-09-20T19:26:02.575040+00:00_TAOUSDT_SHORT_261.47,2026-09-20T19:26:02.575040+00:00,TAOUSDT,Bitget,SHORT,0.0,0.0,87.5,legacy,1.0,0.5,0.5,1.0,1.0,1.0,0.875,261.47,263.88,249.16,1.0173,4.53
Bitget_2026-09-20T19:26:05.358402+00:00_VIRTUALUSDT_SHORT_0.6712,2026-09-20T19:26:05.358402+00:00,VIRTUALUSDT,Bitget,SHORT,0.0,0.0,80.0,legacy,1.0,0.5,1.0,0.0,1.0,1.0,0.8,0.6712,0.676927142857,0.6387,0.9467,5.02
Bitget_2026-09-20T21:41:28.596934+00:00_TUTUSDT_SHORT_0.02163,2026-09-20T21:41:28.596934+00:00,TUTUSDT,Bitget,SHORT,0.0,0.0,80.0,legacy,1.0,0.5,1.0,0.0,1.0,1.0,0.8,0.02163,0.021868857143,0.02092,1.1915,2.68
Bitget_2026-09-20T23:30:36.469563+00:00_CETUSUSDT_SHORT_0.0258,2026-09-20T23:30:36.469563+00:00,CETUSUSDT,Bitget,SHORT,0.0,0.0,81.2,legacy,1.0,0.5,1.0,1.0,0.0,0.75,0.8125,0.0258,0.025885,0.02357,0.3876,22.15
Bitget_2026-09-20T23:31:04.566098+00:00_龙虾USDT_SHORT_0.241786,2026-09-20T23:31:04.566098+00:00,龙虾USDT,Bitget,SHORT,0.0,0.0,85.0,legacy,1.0,1.0,1.0,1.0,0.0,1.0,0.85,0.241786,0.243168485714,0.218424,0.7329,12.96
Bitget_2026-09-21T02:12:23.099114+00:00_FFUSDT_LONG_0.13329,2026-09-21T02:12:23.099114+00:00,FFUSDT,Bitget,LONG,0.0,0.0,85.0,legacy,1.0,1.0,1.0,1.0,0.0,1.0,0.85,0.13329,0.132620142857,0.18449,0.6825,56.02
Bitget_2026-09-21T02:12:35.275813+00:00_PROMUSDT_LONG_4.9247,2026-09-21T02:12:35.275813+00:00,PROMUSDT,Bitget,LONG,0.0,0.0,80.0,legacy,1.0,0.5,1.0,0.0,1.0,1.0,0.8,4.9247,4.88627,5.0496,0.8398,2.95
Bitget_2026-09-21T02:35:01.066678+00:00_BANKUSDT_SHORT_0.03326,2026-09-21T02:35:01.066678+00:00,BANKUSDT,Bitget,SHORT,0.0,0.0,81.2,legacy,1.0,0.5,1.0,1.0,0.0,0.75,0.8125,0.03326,0.033480142857,0.03253,0.7826,2.65
Bitget_2026-09-21T03:53:49.100512+00:00_CHIPUSDT_LONG_0.04254,2026-09-21T03:53:49.100512+00:00,CHIPUSDT,Bitget,LONG,0.0,0.0,87.5,legacy,1.0,0.5,0.5,1.0,1.0,1.0,0.875,0.04254,0.042162,0.04357,0.9544,2.47
Bitget_2026-09-21T03:54:04.635745+00:00_PIEVERSEUSDT_SHORT_1.72487,2026-09-21T03:54:04.635745+00:00,PIEVERSEUSDT,Bitget,SHORT,0.0,0.0,87.5,legacy,1.0,0.5,0.5,1.0,1.0,1.0,0.875,1.72487,1.752581,1.57133,1.7452,5.02
Bitget_2026-09-21T03:54:16.801675+00:00_ZENUSDT_LONG_7.795,2026-09-21T03:54:16.801675+00:00,ZENUSDT,Bitget,LONG,0.0,0.0,80.0,legacy,1.0,0.5,1.0,0.0,1.0,1.0,0.8,7.795,7.714542857143,8.161,1.115,4.14
Bitget_2026-09-21T03:54:17.984694+00:00_ZROUSDT_LONG_1.1592,2026-09-21T03:54:17.984694+00:00,ZROUSDT,Bitget,LONG,0.0,0.0,87.5,legacy,1.0,0.5,0.5,1.0,1.0,1.0,0.875,1.1592,1.147518571429,1.2188,1.0838,4.67
Bitget_2026-09-21T05:45:48.100169+00:00_AKTUSDT_SHORT_0.5938,2026-09-21T05:45:48.100169+00:00,AKTUSDT,Bitget,SHORT,0.0,0.0,100.0,legacy,1.0,0.5,1.0,1.0,1.0,1.0,1.0,0.5938,0.599658571429,0.573,1.047,3.29
Bitget_2026-09-21T05:45:57.552316+00:00_ENSOUSDT_LONG_0.9982,2026-09-21T05:45:57.552316+00:00,ENSOUSDT,Bitget,LONG,0.0,0.0,81.2,legacy,1.0,0.5,1.0,1.0,0.0,0.75,0.8125,0.9982,0.991151428571,1.026,0.7611,3.59
Bitget_2026-09-21T05:46:04.017954+00:00_MARSCOINUSDT_SHORT_0.10259,2026-09-21T05:46:04.017954+00:00,MARSCOINUSDT,Bitget,SHORT,0.0,0.0,85.0,legacy,1.0,1.0,1.0,1.0,0.0,1.0,0.85,0.10259,0.103211,0.09945,0.811,3.52
Bitget_2026-09-21T05:46:05.711976+00:00_MORPHOUSDT_SHORT_2.7864,2026-09-21T05:46:05.711976+00:00,MORPHOUSDT,Bitget,SHORT,0.0,0.0,80.0,legacy,1.0,0.5,1.0,0.0,1.0,1.0,0.8,2.7864,2.817961428571,2.6947,1.2282,2.6
Bitget_2026-09-21T05:46:08.473156+00:00_ORDIUSDT_SHORT_4.665,2026-09-21T05:46:08.473156+00:00,ORDIUSDT,Bitget,SHORT,0.0,0.0,100.0,legacy,1.0,0.5,1.0,1.0,1.0,1.0,1.0,4.665,4.703442857143,4.538,0.9193,2.86
Bitget_2026-09-21T06:36:31.980206+00:00_ARKUSDT_LONG_0.1485,2026-09-21T06:36:31.980206+00:00,ARKUSDT,Bitget,LONG,0.0,0.0,81.2,legacy,1.0,0.5,1.0,1.0,0.0,0.75,0.8125,0.1485,0.147825714286,0.1527,0.5041,5.51
Bitget_2026-09-21T06:36:33.294204+00:00_AVNTUSDT_SHORT_0.11507,2026-09-21T06:36:33.294204+00:00,AVNTUSDT,Bitget,SHORT,0.0,0.0,80.0,legacy,1.0,0.5,1.0,0.0,1.0,1.0,0.8,0.11507,0.116707142857,0.10834,1.5245,3.77
Bitget_2026-09-21T06:36:35.296613+00:00_CAKEUSDT_LONG_2.5388,2026-09-21T06:36:35.296613+00:00,CAKEUSDT,Bitget,LONG,0.0,0.0,80.0,legacy,1.0,0.5,1.0,0.0,1.0,1.0,0.8,2.5388,2.509781428571,2.6127,1.2107,2.35
Bitget_2026-09-21T06:36:39.841110+00:00_ENSOUSDT_LONG_1.0042,2026-09-21T06:36:39.841110+00:00,ENSOUSDT,Bitget,LONG,0.0,0.0,100.0,legacy,1.0,0.5,1.0,1.0,1.0,1.0,1.0,1.0042,0.99552,1.0535,0.9022,5.4
Bitget_2026-09-21T06:36:42.699740+00:00_GRAMUSDT_SHORT_1.4027,2026-09-21T06:36:42.699740+00:00,GRAMUSDT,Bitget,SHORT,0.0,0.0,81.2,legacy,1.0,0.5,1.0,1.0,0.0,0.75,0.8125,1.4027,1.405791428571,1.3828,0.2554,5.42
Bitget_2026-09-21T08:08:33.834741+00:00_FFUSDT_LONG_0.12819,2026-09-21T08:08:33.834741+00:00,FFUSDT,Bitget,LONG,0.0,0.0,87.5,legacy,1.0,0.5,0.5,1.0,1.0,1.0,0.875,0.12819,0.126681428571,0.13787,1.2615,5.92
Bitget_2026-09-21T08:08:46.225349+00:00_PROVEUSDT_LONG_0.2352,2026-09-21T08:08:46.225349+00:00,PROVEUSDT,Bitget,LONG,0.0,0.0,100.0,legacy,1.0,0.5,1.0,1.0,1.0,1.0,1.0,0.2352,0.233338571429,0.2466,0.9026,5.25
Bitget_2026-09-21T08:08:49.245393+00:00_STRKUSDT_LONG_0.048029,2026-09-21T08:08:49.245393+00:00,STRKUSDT,Bitget,LONG,0.0,0.0,80.0,legacy,1.0,0.5,1.0,0.0,1.0,1.0,0.8,0.048029,0.047450842857,0.0499,1.3394,2.81
Bitget_2026-09-21T08:08:54.814731+00:00_ZECUSDT_LONG_1491.4,2026-09-21T08:08:54.814731+00:00,ZECUSDT,Bitget,LONG,0.0,0.0,80.0,legacy,1.0,0.5,1.0,0.0,1.0,1.0,0.8,1491.4,1479.881,1542.0,0.8474,3.92
Bitget_2026-09-21T08:08:55.882191+00:00_龙虾USDT_SHORT_0.277687,2026-09-21T08:08:55.882191+00:00,龙虾USDT,Bitget,SHORT,0.0,0.0,85.0,legacy,1.0,1.0,1.0,1.0,0.0,1.0,0.85,0.277687,0.279499357143,0.266515,0.9085,4.15
Bitget_2026-09-21T08:41:20.853025+00:00_GRASSUSDT_SHORT_0.36821,2026-09-21T08:41:20.853025+00:00,GRASSUSDT,Bitget,SHORT,0.0,0.0,85.0,legacy,1.0,1.0,1.0,1.0,0.0,1.0,0.85,0.36821,0.369319285714,0.36053,0.3554,5.72
Bitget_2026-09-21T08:41:23.395156+00:00_INXUSDT_SHORT_0.00631,2026-09-21T08:41:23.395156+00:00,INXUSDT,Bitget,SHORT,0.0,0.0,81.2,legacy,1.0,0.5,1.0,1.0,0.0,0.75,0.8125,0.00631,0.006353157143,0.006098,0.734,4.51
Bitget_2026-09-21T08:41:33.177268+00:00_PROVEUSDT_LONG_0.2384,2026-09-21T08:41:33.177268+00:00,PROVEUSDT,Bitget,LONG,0.0,0.0,87.5,legacy,1.0,0.5,0.5,1.0,1.0,1.0,0.875,0.2384,0.23441,0.252,1.7534,3.21
Bitget_2026-09-21T08:41:34.199149+00:00_RENDERUSDT_SHORT_1.7677,2026-09-21T08:41:34.199149+00:00,RENDERUSDT,Bitget,SHORT,0.0,0.0,80.0,legacy,1.0,0.5,1.0,0.0,1.0,1.0,0.8,1.7677,1.787405714286,1.677,1.2509,3.99
Bitget_2026-09-21T09:52:18.503560+00:00_ARXUSDT_SHORT_0.19983,2026-09-21T09:52:18.503560+00:00,ARXUSDT,Bitget,SHORT,0.0,0.0,80.0,legacy,1.0,0.5,1.0,0.0,1.0,1.0,0.8,0.19983,0.203216428571,0.18865,1.818,3.01
Bitget_2026-09-21T09:52:23.352112+00:00_CFXUSDT_SHORT_0.05413,2026-09-21T09:52:23.352112+00:00,CFXUSDT,Bitget,SHORT,0.0,0.0,80.0,legacy,1.0,0.5,1.0,0.0,1.0,1.0,0.8,0.05413,0.054672428571,0.05257,1.0805,2.59
Bitget_2026-09-21T09:52:25.795438+00:00_DOTUSDT_SHORT_1.177,2026-09-21T09:52:25.795438+00:00,DOTUSDT,Bitget,SHORT,0.0,0.0,80.0,legacy,1.0,0.5,1.0,0.0,1.0,1.0,0.8,1.177,1.192314285714,1.14,1.4128,2.15
Bitget_2026-09-21T09:52:31.162163+00:00_HYPEUSDT_SHORT_95.196,2026-09-21T09:52:31.162163+00:00,HYPEUSDT,Bitget,SHORT,0.0,0.0,80.0,legacy,1.0,0.5,1.0,0.0,1.0,1.0,0.8,95.196,96.036042857143,92.929,0.9623,2.39
Bitget_2026-09-21T09:52:36.534684+00:00_MOODENGUSDT_SHORT_0.04671,2026-09-21T09:52:36.534684+00:00,MOODENGUSDT,Bitget,SHORT,0.0,0.0,80.0,legacy,1.0,0.5,1.0,0.0,1.0,1.0,0.8,0.04671,0.047550857143,0.04405,1.9305,2.88
Bitget_2026-09-21T09:52:38.554154+00:00_ORDIUSDT_SHORT_4.834,2026-09-21T09:52:38.554154+00:00,ORDIUSDT,Bitget,SHORT,0.0,0.0,80.0,legacy,1.0,0.5,1.0,0.0,1.0,1.0,0.8,4.834,4.902571428571,4.576,1.5338,3.4
Bitget_2026-09-21T09:52:38.779133+00:00_PENDLEUSDT_SHORT_2.7366,2026-09-21T09:52:38.779133+00:00,PENDLEUSDT,Bitget,SHORT,0.0,0.0,80.0,legacy,1.0,0.5,1.0,0.0,1.0,1.0,0.8,2.7366,2.773621428571,2.648,1.4596,2.15
Bitget_2026-09-21T09:52:39.630302+00:00_PLUMEUSDT_SHORT_0.01463,2026-09-21T09:52:39.630302+00:00,PLUMEUSDT,Bitget,SHORT,0.0,0.0,80.0,legacy,1.0,0.5,1.0,0.0,1.0,1.0,0.8,0.01463,0.014816428571,0.01388,1.3866,3.62
Bitget_2026-09-21T09:52:40.727672+00:00_PROMUSDT_SHORT_4.9744,2026-09-21T09:52:40.727672+00:00,PROMUSDT,Bitget,SHORT,0.0,0.0,80.0,legacy,1.0,0.5,1.0,0.0,1.0,1.0,0.8,4.9744,5.018365714286,4.8609,0.9656,2.28
Bitget_2026-09-21T09:52:40.790032+00:00_PUMPUSDT_SHORT_0.004426,2026-09-21T09:52:40.790032+00:00,PUMPUSDT,Bitget,SHORT,0.0,0.0,80.0,legacy,1.0,0.5,1.0,0.0,1.0,1.0,0.8,0.004426,0.004489442857,0.004268,1.5564,2.21
Bitget_2026-09-21T09:52:41.063972+00:00_PYTHUSDT_SHORT_0.06377,2026-09-21T09:52:41.063972+00:00,PYTHUSDT,Bitget,SHORT,0.0,0.0,80.0,legacy,1.0,0.5,1.0,0.0,1.0,1.0,0.8,0.06377,0.064888,0.06053,1.8755,2.64
Bitget_2026-09-21T09:52:43.217865+00:00_SPXUSDT_SHORT_0.5084,2026-09-21T09:52:43.217865+00:00,SPXUSDT,Bitget,SHORT,0.0,0.0,80.0,legacy,1.0,0.5,1.0,0.0,1.0,1.0,0.8,0.5084,0.515972857143,0.472,1.6219,4.33
Bitget_2026-09-21T09:52:44.430529+00:00_SYRUPUSDT_SHORT_0.2326,2026-09-21T09:52:44.430529+00:00,SYRUPUSDT,Bitget,SHORT,0.0,0.0,80.0,legacy,1.0,0.5,1.0,0.0,1.0,1.0,0.8,0.2326,0.234768571429,0.2203,1.0048,5.19
Bitget_2026-09-21T09:52:45.565379+00:00_TRUMPUSDT_SHORT_2.139,2026-09-21T09:52:45.565379+00:00,TRUMPUSDT,Bitget,SHORT,0.0,0.0,80.0,legacy,1.0,0.5,1.0,0.0,1.0,1.0,0.8,2.139,2.174671428571,2.062,1.7926,1.94
Bitget_2026-09-21T09:52:47.652482+00:00_VETUSDT_SHORT_0.008678,2026-09-21T09:52:47.652482+00:00,VETUSDT,Bitget,SHORT,0.0,0.0,80.0,legacy,1.0,0.5,1.0,0.0,1.0,1.0,0.8,0.008678,0.0088165,0.008294,1.6824,2.58
Bitget_2026-09-21T09:52:47.804973+00:00_VIRTUALUSDT_SHORT_0.6985,2026-09-21T09:52:47.804973+00:00,VIRTUALUSDT,Bitget,SHORT,0.0,0.0,80.0,legacy,1.0,0.5,1.0,0.0,1.0,1.0,0.8,0.6985,0.70609,0.6779,1.1711,2.45
Bitget_2026-09-21T09:52:47.818280+00:00_VTHOUSDT_SHORT_0.000668,2026-09-21T09:52:47.818280+00:00,VTHOUSDT,Bitget,SHORT,0.0,0.0,80.0,legacy,1.0,0.5,1.0,0.0,1.0,1.0,0.8,0.000668,0.00067753,0.0006398,1.5359,2.68
Bitget_2026-09-21T09:52:51.158485+00:00_ZROUSDT_SHORT_1.2075,2026-09-21T09:52:51.158485+00:00,ZROUSDT,Bitget,SHORT,0.0,0.0,85.0,legacy,1.0,1.0,1.0,1.0,0.0,1.0,0.85,1.2075,1.216881428571,1.1465,0.9079,5.42
Bitget_2026-09-21T10:25:21.090863+00:00_BERAUSDT_SHORT_0.2274,2026-09-21T10:25:21.090863+00:00,BERAUSDT,Bitget,SHORT,0.0,0.0,81.2,scalp-structure-v1,1.0,0.5,1.0,1.0,0.0,0.75,0.8125,0.2274,0.228095714286,0.2221,0.392,5.73
Bitget_2026-09-21T10:25:36.015486+00:00_MORPHOUSDT_SHORT_2.797,2026-09-21T10:25:36.015486+00:00,MORPHOUSDT,Bitget,SHORT,0.0,0.0,80.0,scalp-structure-v1,1.0,0.5,1.0,0.0,1.0,1.0,0.8,2.797,2.81831,2.7374,0.8659,2.34
Bitget_2026-09-21T10:25:44.914675+00:00_UBUSDT_SHORT_0.13943,2026-09-21T10:25:44.914675+00:00,UBUSDT,Bitget,SHORT,0.0,0.0,87.5,scalp-structure-v1,1.0,0.5,0.5,1.0,1.0,1.0,0.875,0.13943,0.141636428571,0.13068,1.7018,3.62
Bitget_2026-09-21T10:46:36.584794+00:00_ARXUSDT_SHORT_0.19941,2026-09-21T10:46:36.584794+00:00,ARXUSDT,Bitget,SHORT,0.0,0.0,80.0,scalp-structure-v1,1.0,0.5,1.0,0.0,1.0,1.0,0.8,0.19941,0.201386571429,0.18865,1.0798,4.92
Bitget_2026-09-21T10:46:38.587887+00:00_BERAUSDT_SHORT_0.227,2026-09-21T10:46:38.587887+00:00,BERAUSDT,Bitget,SHORT,0.0,0.0,80.0,scalp-structure-v1,1.0,0.5,1.0,0.0,1.0,1.0,0.8,0.227,0.229394285714,0.2196,1.1403,2.78
Bitget_2026-09-21T10:46:39.300361+00:00_BRETTUSDT_SHORT_0.0056,2026-09-21T10:46:39.300361+00:00,BRETTUSDT,Bitget,SHORT,0.0,0.0,80.0,scalp-structure-v1,1.0,0.5,1.0,0.0,1.0,1.0,0.8,0.0056,0.005650271429,0.005372,1.0097,3.92
Bitget_2026-09-21T10:46:40.782004+00:00_CAPUSDT_SHORT_0.04563,2026-09-21T10:46:40.782004+00:00,CAPUSDT,Bitget,SHORT,0.0,0.0,81.2,scalp-structure-v1,1.0,0.5,1.0,1.0,0.0,0.75,0.8125,0.04563,0.045866,0.04403,0.5961,5.75
Bitget_2026-09-21T10:46:43.541715+00:00_DEEPUSDT_SHORT_0.01922,2026-09-21T10:46:43.541715+00:00,DEEPUSDT,Bitget,SHORT,0.0,0.0,80.0,scalp-structure-v1,1.0,0.5,1.0,0.0,1.0,1.0,0.8,0.01922,0.019442,0.01839,1.2695,3.31
Bitget_2026-09-21T10:46:44.585688+00:00_EGLDUSDT_SHORT_4.219,2026-09-21T10:46:44.585688+00:00,EGLDUSDT,Bitget,SHORT,0.0,0.0,85.0,scalp-structure-v1,1.0,1.0,1.0,1.0,0.0,1.0,0.85,4.219,4.2372,4.082,0.5783,5.36
Bitget_2026-09-21T10:46:47.580454+00:00_GRASSUSDT_SHORT_0.36993,2026-09-21T10:46:47.580454+00:00,GRASSUSDT,Bitget,SHORT,0.0,0.0,80.0,scalp-structure-v1,1.0,0.5,1.0,0.0,1.0,1.0,0.8,0.36993,0.371857857143,0.35986,0.5881,4.51
Bitget_2026-09-21T10:47:00.669314+00:00_SPKUSDT_SHORT_0.02181,2026-09-21T10:47:00.669314+00:00,SPKUSDT,Bitget,SHORT,0.0,0.0,80.0,scalp-structure-v1,1.0,0.5,1.0,0.0,1.0,1.0,0.8,0.02181,0.022055,0.02088,1.1921,3.52
Bitget_2026-09-21T10:47:02.725747+00:00_TRBUSDT_SHORT_19.004,2026-09-21T10:47:02.725747+00:00,TRBUSDT,Bitget,SHORT,0.0,0.0,80.0,scalp-structure-v1,1.0,0.5,1.0,0.0,1.0,1.0,0.8,19.004,19.245728571429,17.942,1.3916,3.93
Bitget_2026-09-21T11:47:56.265042+00:00_ASTERUSDT_SHORT_0.7639,2026-09-21T11:47:56.265042+00:00,ASTERUSDT,Bitget,SHORT,0.0,0.0,81.2,scalp-structure-v1,1.0,0.5,1.0,1.0,0.0,0.75,0.8125,0.7639,0.76598,0.7547,0.322,3.59
Bitget_2026-09-21T11:47:57.407820+00:00_AXSUSDT_SHORT_1.066,2026-09-21T11:47:57.407820+00:00,AXSUSDT,Bitget,SHORT,0.0,0.0,81.2,scalp-structure-v1,1.0,0.5,1.0,1.0,0.0,0.75,0.8125,1.066,1.072557142857,1.042,0.6674,3.3
Bitget_2026-09-21T11:48:01.164719+00:00_CHZUSDT_SHORT_0.01576,2026-09-21T11:48:01.164719+00:00,CHZUSDT,Bitget,SHORT,0.0,0.0,81.2,scalp-structure-v1,1.0,0.5,1.0,1.0,0.0,0.75,0.8125,0.01576,0.015826142857,0.01553,0.4587,3.1
Bitget_2026-09-21T11:48:02.414880+00:00_CTSIUSDT_SHORT_0.02958,2026-09-21T11:48:02.414880+00:00,CTSIUSDT,Bitget,SHORT,0.0,0.0,87.5,scalp-structure-v1,1.0,0.5,0.5,1.0,1.0,1.0,0.875,0.02958,0.029816428571,0.02881,0.8548,2.98
Bitget_2026-09-21T11:48:06.339181+00:00_FFUSDT_LONG_0.12735,2026-09-21T11:48:06.339181+00:00,FFUSDT,Bitget,LONG,0.0,0.0,81.2,scalp-structure-v1,1.0,0.5,1.0,1.0,0.0,0.75,0.8125,0.12735,0.126729,0.13031,0.5512,4.1
Bitget_2026-09-21T11:48:13.271785+00:00_MANTAUSDT_SHORT_0.07146,2026-09-21T11:48:13.271785+00:00,MANTAUSDT,Bitget,SHORT,0.0,0.0,80.0,scalp-structure-v1,1.0,0.5,1.0,0.0,1.0,1.0,0.8,0.07146,0.072048428571,0.06905,0.8772,3.78
Bitget_2026-09-21T11:48:21.923724+00:00_STRKUSDT_LONG_0.047062,2026-09-21T11:48:21.923724+00:00,STRKUSDT,Bitget,LONG,0.0,0.0,85.0,scalp-structure-v1,1.0,1.0,1.0,1.0,0.0,1.0,0.85,0.047062,0.046816228571,0.048769,0.6514,5.37
Bitget_2026-09-21T11:48:22.023900+00:00_STXUSDT_SHORT_0.3337,2026-09-21T11:48:22.023900+00:00,STXUSDT,Bitget,SHORT,0.0,0.0,81.2,scalp-structure-v1,1.0,0.5,1.0,1.0,0.0,0.75,0.8125,0.3337,0.334392857143,0.3306,0.2654,3.28
Bitget_2026-09-21T11:48:26.207200+00:00_WIFUSDT_SHORT_0.2168,2026-09-21T11:48:26.207200+00:00,WIFUSDT,Bitget,SHORT,0.0,0.0,80.0,scalp-structure-v1,1.0,0.5,1.0,0.0,1.0,1.0,0.8,0.2168,0.219072857143,0.2023,1.1742,5.59
Bitget_2026-09-21T11:48:26.579882+00:00_XLMUSDT_SHORT_0.21184,2026-09-21T11:48:26.579882+00:00,XLMUSDT,Bitget,SHORT,0.0,0.0,81.2,scalp-structure-v1,1.0,0.5,1.0,1.0,0.0,0.75,0.8125,0.21184,0.213225428571,0.20653,0.7463,3.24
Bitget_2026-09-21T12:00:45.261115+00:00_1000BONKUSDT_SHORT_0.00324,2026-09-21T12:00:45.261115+00:00,1000BONKUSDT,Bitget,SHORT,0.0,0.0,87.5,scalp-structure-v1,1.0,0.5,0.5,1.0,1.0,1.0,0.875,0.00324,0.003286828571,0.003019,1.5326,4.39
Bitget_2026-09-21T12:00:47.775343+00:00_ARUSDT_LONG_4.74,2026-09-21T12:00:47.775343+00:00,ARUSDT,Bitget,LONG,0.0,0.0,81.2,scalp-structure-v1,1.0,0.5,1.0,1.0,0.0,0.75,0.8125,4.74,4.685714285714,5.089,1.2779,5.66
Bitget_2026-09-21T12:00:49.107677+00:00_AXSUSDT_SHORT_1.062,2026-09-21T12:00:49.107677+00:00,AXSUSDT,Bitget,SHORT,0.0,0.0,100.0,scalp-structure-v1,1.0,0.5,1.0,1.0,1.0,1.0,1.0,1.062,1.072528571429,1.016,1.0412,4.11
Bitget_2026-09-21T12:00:49.520168+00:00_BBUSDT_SHORT_0.00886,2026-09-21T12:00:49.520168+00:00,BBUSDT,Bitget,SHORT,0.0,0.0,81.2,scalp-structure-v1,1.0,0.5,1.0,1.0,0.0,0.75,0.8125,0.00886,0.008905857143,0.00855,0.5837,5.88
Bitget_2026-09-21T12:00:53.511667+00:00_CHZUSDT_SHORT_0.01572,2026-09-21T12:00:53.511667+00:00,CHZUSDT,Bitget,SHORT,0.0,0.0,81.2,scalp-structure-v1,1.0,0.5,1.0,1.0,0.0,0.75,0.8125,0.01572,0.015826428571,0.01508,0.7179,5.61
Bitget_2026-09-21T12:00:56.084914+00:00_EDGEUSDT_SHORT_0.6083,2026-09-21T12:00:56.084914+00:00,EDGEUSDT,Bitget,SHORT,0.0,0.0,100.0,scalp-structure-v1,1.0,0.5,1.0,1.0,1.0,1.0,1.0,0.6083,0.61496,0.5709,1.2362,4.86
Bitget_2026-09-21T12:00:58.008527+00:00_FARTCOINUSDT_SHORT_0.1812,2026-09-21T12:00:58.008527+00:00,FARTCOINUSDT,Bitget,SHORT,0.0,0.0,87.5,scalp-structure-v1,1.0,0.5,0.5,1.0,1.0,1.0,0.875,0.1812,0.183295714286,0.1696,1.2646,4.98
Bitget_2026-09-21T12:00:59.106872+00:00_GALAUSDT_SHORT_0.002031,2026-09-21T12:00:59.106872+00:00,GALAUSDT,Bitget,SHORT,0.0,0.0,87.5,scalp-structure-v1,1.0,0.5,0.5,1.0,1.0,1.0,0.875,0.002031,0.002045971429,0.00196,0.785,4.39
Bitget_2026-09-21T12:01:03.452446+00:00_KITEUSDT_SHORT_0.12018,2026-09-21T12:01:03.452446+00:00,KITEUSDT,Bitget,SHORT,0.0,0.0,80.0,scalp-structure-v1,1.0,0.5,1.0,0.0,1.0,1.0,0.8,0.12018,0.120948,0.1156,0.679,5.55
Bitget_2026-09-21T12:01:03.991657+00:00_LINKUSDT_SHORT_13.035,2026-09-21T12:01:03.991657+00:00,LINKUSDT,Bitget,SHORT,0.0,0.0,100.0,scalp-structure-v1,1.0,0.5,1.0,1.0,1.0,1.0,1.0,13.035,13.140128571429,12.469,0.8689,4.93
Bitget_2026-09-21T12:01:08.485774+00:00_ONGUSDT_SHORT_0.08829,2026-09-21T12:01:08.485774+00:00,ONGUSDT,Bitget,SHORT,0.0,0.0,80.0,scalp-structure-v1,1.0,0.5,1.0,0.0,1.0,1.0,0.8,0.08829,0.089212714286,0.08509,1.1161,3.18
Bitget_2026-09-21T12:01:12.671251+00:00_RUNEUSDT_SHORT_0.598,2026-09-21T12:01:12.671251+00:00,RUNEUSDT,Bitget,SHORT,0.0,0.0,100.0,scalp-structure-v1,1.0,0.5,1.0,1.0,1.0,1.0,1.0,0.598,0.60265,0.5705,0.8361,5.43
Bitget_2026-09-21T12:01:14.603464+00:00_STXUSDT_SHORT_0.332,2026-09-21T12:01:14.603464+00:00,STXUSDT,Bitget,SHORT,0.0,0.0,87.5,scalp-structure-v1,1.0,0.5,0.5,1.0,1.0,1.0,0.875,0.332,0.334405714286,0.3179,0.7866,5.32
Bitget_2026-09-21T12:01:16.787660+00:00_TUTUSDT_SHORT_0.02207,2026-09-21T12:01:16.787660+00:00,TUTUSDT,Bitget,SHORT,0.0,0.0,100.0,scalp-structure-v1,1.0,0.5,1.0,1.0,1.0,1.0,1.0,0.02207,0.022341142857,0.02131,1.3244,2.53
Bitget_2026-09-21T12:01:18.093554+00:00_VELVETUSDT_SHORT_0.06208,2026-09-21T12:01:18.093554+00:00,VELVETUSDT,Bitget,SHORT,0.0,0.0,100.0,scalp-structure-v1,1.0,0.5,1.0,1.0,1.0,1.0,1.0,0.06208,0.062704285714,0.05821,1.1092,5.53
Bitget_2026-09-21T12:01:19.339769+00:00_XLMUSDT_SHORT_0.21046,2026-09-21T12:01:19.339769+00:00,XLMUSDT,Bitget,SHORT,0.0,0.0,87.5,scalp-structure-v1,1.0,0.5,0.5,1.0,1.0,1.0,0.875,0.21046,0.213232857143,0.19709,1.4139,4.42
Bitget_2026-09-21T12:07:47.953218+00:00_EDGEUSDT_SHORT_0.604,2026-09-21T12:07:47.953218+00:00,EDGEUSDT,Bitget,SHORT,0.0,0.0,100.0,scalp-structure-v1,1.0,0.5,1.0,1.0,1.0,1.0,1.0,0.604,0.61488,0.5449,1.9305,5.0
Bitget_2026-09-21T12:08:09.618709+00:00_VELVETUSDT_SHORT_0.06185,2026-09-21T12:08:09.618709+00:00,VELVETUSDT,Bitget,SHORT,0.0,0.0,100.0,scalp-structure-v1,1.0,0.5,1.0,1.0,1.0,1.0,1.0,0.06185,0.062700714286,0.05821,1.4736,3.93
Bitget_2026-09-21T13:31:45.487299+00:00_EIGENUSDT_SHORT_0.2488,2026-09-21T13:31:45.487299+00:00,EIGENUSDT,Bitget,SHORT,0.0,0.0,100.0,scalp-structure-v1,1.0,0.5,1.0,1.0,1.0,1.0,1.0,0.2488,0.25192,0.2333,1.3424,4.57
Bitget_2026-09-21T13:31:52.042107+00:00_KAITOUSDT_SHORT_0.349,2026-09-21T13:31:52.042107+00:00,KAITOUSDT,Bitget,SHORT,0.0,0.0,100.0,scalp-structure-v1,1.0,0.5,1.0,1.0,1.0,1.0,1.0,0.349,0.352918571429,0.3293,1.2427,4.45
Bitget_2026-09-21T13:50:29.856612+00:00_PUMPUSDT_LONG_0.004382,2026-09-21T13:50:29.856612+00:00,PUMPUSDT,Bitget,LONG,0.0,0.0,81.2,scalp-structure-v1,1.0,0.5,1.0,1.0,0.0,0.75,0.8125,0.004382,0.004355542857,0.004475,0.7055,2.86
Bitget_2026-09-21T14:58:23.969297+00:00_GPSUSDT_LONG_0.010993,2026-09-21T14:58:23.969297+00:00,GPSUSDT,Bitget,LONG,0.0,0.0,80.0,scalp-structure-v1,1.0,0.5,1.0,0.0,1.0,1.0,0.8,0.010993,0.010920871429,0.011162,0.7028,2.12
Bitget_2026-09-21T14:58:27.643093+00:00_KERNELUSDT_LONG_0.04755,2026-09-21T14:58:27.643093+00:00,KERNELUSDT,Bitget,LONG,0.0,0.0,100.0,scalp-structure-v1,1.0,0.5,1.0,1.0,1.0,1.0,1.0,0.04755,0.046907142857,0.05019,1.4211,3.86
Bitget_2026-09-21T14:58:29.717343+00:00_METISUSDT_LONG_3.575,2026-09-21T14:58:29.717343+00:00,METISUSDT,Bitget,LONG,0.0,0.0,80.0,scalp-structure-v1,1.0,0.5,1.0,0.0,1.0,1.0,0.8,3.575,3.525271428571,3.728,1.4953,2.79
Bitget_2026-09-21T17:22:03.542876+00:00_AKTUSDT_LONG_0.6321,2026-09-21T17:22:03.542876+00:00,AKTUSDT,Bitget,LONG,0.0,0.0,81.2,scalp-structure-v1,1.0,0.5,1.0,1.0,0.0,0.75,0.8125,0.6321,0.630031428571,0.6442,0.433,4.18
Bitget_2026-09-21T17:46:36.891485+00:00_BBUSDT_LONG_0.0089,2026-09-21T17:46:36.891485+00:00,BBUSDT,Bitget,LONG,0.0,0.0,80.0,scalp-structure-v1,1.0,0.5,1.0,0.0,1.0,1.0,0.8,0.0089,0.008771714286,0.00933,1.5345,3.09
Bitget_2026-09-21T18:49:40.331193+00:00_BEATUSDT_LONG_0.0875,2026-09-21T18:49:40.331193+00:00,BEATUSDT,Bitget,LONG,0.0,0.0,87.5,scalp-structure-v1,1.0,0.5,0.5,1.0,1.0,1.0,0.875,0.0875,0.086941428571,0.089,0.7053,2.34
Bitget_2026-09-21T18:49:40.948064+00:00_BLESSUSDT_LONG_0.00938,2026-09-21T18:49:40.948064+00:00,BLESSUSDT,Bitget,LONG,0.0,0.0,100.0,scalp-structure-v1,1.0,0.5,1.0,1.0,1.0,1.0,1.0,0.00938,0.009314028571,0.009634,0.767,3.45
Bitget_2026-09-21T18:50:03.248463+00:00_SUIUSDT_LONG_1.0092,2026-09-21T18:50:03.248463+00:00,SUIUSDT,Bitget,LONG,0.0,0.0,87.5,scalp-structure-v1,1.0,0.5,0.5,1.0,1.0,1.0,0.875,1.0092,0.998644285714,1.0507,1.1605,3.44
Bitget_2026-09-21T18:50:03.598762+00:00_SUSHIUSDT_LONG_0.2553,2026-09-21T18:50:03.598762+00:00,SUSHIUSDT,Bitget,LONG,0.0,0.0,87.5,scalp-structure-v1,1.0,0.5,0.5,1.0,1.0,1.0,0.875,0.2553,0.25343,0.2624,0.7991,3.4
Bitget_2026-09-21T18:50:08.987487+00:00_牛来USDT_LONG_0.10509,2026-09-21T18:50:08.987487+00:00,牛来USDT,Bitget,LONG,0.0,0.0,100.0,scalp-structure-v1,1.0,0.5,1.0,1.0,1.0,1.0,1.0,0.10509,0.103581,0.11414,1.5491,5.49
Bitget_2026-09-21T22:21:51.826440+00:00_1000000MOGUSDT_LONG_0.1194,2026-09-21T22:21:51.826440+00:00,1000000MOGUSDT,Bitget,LONG,0.0,0.0,80.0,scalp-structure-v1,1.0,0.5,1.0,0.0,1.0,1.0,0.8,0.1194,0.118241428571,0.1241,1.0194,3.81
Bitget_2026-09-22T00:43:52.081715+00:00_FLOCKUSDT_LONG_0.07373,2026-09-22T00:43:52.081715+00:00,FLOCKUSDT,Bitget,LONG,0.0,0.0,100.0,scalp-structure-v1,1.0,0.5,1.0,1.0,1.0,1.0,1.0,0.07373,0.073098714286,0.07642,0.9122,3.94
Bitget_2026-09-22T02:16:00.627928+00:00_APTUSDT_LONG_0.7687,2026-09-22T02:16:00.627928+00:00,APTUSDT,Bitget,LONG,0.0,0.0,85.0,scalp-structure-v1,1.0,1.0,1.0,1.0,0.0,1.0,0.85,0.7687,0.767594285714,0.7807,0.2747,5.21
Bitget_2026-09-22T02:45:12.999982+00:00_METUSDT_LONG_0.2795,2026-09-22T02:45:12.999982+00:00,METUSDT,Bitget,LONG,0.0,0.0,80.0,scalp-structure-v1,1.0,0.5,1.0,0.0,1.0,1.0,0.8,0.2795,0.276844285714,0.2907,1.0059,3.93
Bitget_2026-09-22T03:22:58.486657+00:00_BTCUSDT_LONG_85469.6,2026-09-22T03:22:58.486657+00:00,BTCUSDT,Bitget,LONG,0.0,0.0,85.0,scalp-structure-v1,1.0,1.0,1.0,1.0,0.0,1.0,0.85,85469.6,85381.06142857143,85784.9,0.1412,2.35
Bitget_2026-09-22T03:23:19.557037+00:00_RUNEUSDT_LONG_0.6351,2026-09-22T03:23:19.557037+00:00,RUNEUSDT,Bitget,LONG,0.0,0.0,81.2,scalp-structure-v1,1.0,0.5,1.0,1.0,0.0,0.75,0.8125,0.6351,0.632085714286,0.6463,0.5398,3.15
Bitget_2026-09-22T04:40:17.382709+00:00_ALCHUSDT_LONG_0.05092,2026-09-22T04:40:17.382709+00:00,ALCHUSDT,Bitget,LONG,0.0,0.0,100.0,scalp-structure-v1,1.0,0.5,1.0,1.0,1.0,1.0,1.0,0.05092,0.050087571429,0.05601,1.7967,5.47
Bitget_2026-09-22T04:40:32.566175+00:00_KASUSDT_LONG_0.04329,2026-09-22T04:40:32.566175+00:00,KASUSDT,Bitget,LONG,0.0,0.0,80.0,scalp-structure-v1,1.0,1.0,1.0,0.0,1.0,1.0,0.8,0.04329,0.042930571429,0.04463,0.8983,3.37
Bitget_2026-09-22T05:41:53.319773+00:00_FETUSDT_LONG_0.1997,2026-09-22T05:41:53.319773+00:00,FETUSDT,Bitget,LONG,0.0,0.0,100.0,scalp-structure-v1,1.0,0.5,1.0,1.0,1.0,1.0,1.0,0.1997,0.197048571429,0.2066,1.4536,2.29
Bitget_2026-09-22T05:42:02.128241+00:00_ONGUSDT_LONG_0.09071,2026-09-22T05:42:02.128241+00:00,ONGUSDT,Bitget,LONG,0.0,0.0,100.0,scalp-structure-v1,1.0,0.5,1.0,1.0,1.0,1.0,1.0,0.09071,0.089818428571,0.09315,1.0618,2.46
Bitget_2026-09-22T07:30:34.367957+00:00_DOGEUSDT_LONG_0.09913,2026-09-22T07:30:34.367957+00:00,DOGEUSDT,Bitget,LONG,0.0,0.0,85.0,scalp-structure-v1,1.0,1.0,1.0,1.0,0.0,1.0,0.85,0.09913,0.098679571429,0.10135,0.5456,3.94
Bitget_2026-09-22T07:46:08.378950+00:00_METUSDT_LONG_0.2725,2026-09-22T07:46:08.378950+00:00,METUSDT,Bitget,LONG,0.0,0.0,100.0,scalp-structure-v1,1.0,0.5,1.0,1.0,1.0,1.0,1.0,0.2725,0.270375714286,0.2859,0.8252,5.9
Bitget_2026-09-22T12:56:46.185974+00:00_COOKIEUSDT_LONG_0.01287,2026-09-22T12:56:46.185974+00:00,COOKIEUSDT,Bitget,LONG,0.0,0.0,81.2,scalp-structure-v1,1.0,0.5,1.0,1.0,0.0,0.75,0.8125,0.01287,0.012695,0.01381,1.554,4.57
Bitget_2026-09-22T12:57:03.914860+00:00_SONICUSDT_LONG_0.02631,2026-09-22T12:57:03.914860+00:00,SONICUSDT,Bitget,LONG,0.0,0.0,100.0,scalp-structure-v1,1.0,0.5,1.0,1.0,1.0,1.0,1.0,0.02631,0.026040285714,0.02754,1.0621,4.37
Bitget_2026-09-22T13:36:39.747485+00:00_CYSUSDT_LONG_0.16676,2026-09-22T13:36:39.747485+00:00,CYSUSDT,Bitget,LONG,0.0,0.0,100.0,scalp-structure-v1,1.0,0.5,1.0,1.0,1.0,1.0,1.0,0.16676,0.164087142857,0.17679,1.7664,3.31
Bitget_2026-09-22T16:07:51.621583+00:00_PHAUSDT_SHORT_0.04613,2026-09-22T16:07:51.621583+00:00,PHAUSDT,Bitget,SHORT,0.0,0.0,85.0,scalp-structure-v1,1.0,1.0,1.0,1.0,0.0,1.0,0.85,0.04613,0.046530428571,0.04446,0.9774,3.59
Bitget_2026-09-22T18:50:57.041382+00:00_SOPHUSDT_SHORT_0.003828,2026-09-22T18:50:57.041382+00:00,SOPHUSDT,Bitget,SHORT,0.0,0.0,80.0,scalp-structure-v1,1.0,0.5,1.0,0.0,1.0,1.0,0.8,0.003828,0.003849557143,0.003761,0.6299,2.67
Bitget_2026-09-23T02:34:52.014017+00:00_SXTUSDT_LONG_0.009845,2026-09-23T02:34:52.014017+00:00,SXTUSDT,Bitget,LONG,0.0,0.0,87.5,scalp-structure-v1,1.0,0.5,0.5,1.0,1.0,1.0,0.875,0.009845,0.009716157143,0.010209,1.3782,2.63
Bitget_2026-09-23T02:58:12.848599+00:00_DASHUSDT_LONG_63.66,2026-09-23T02:58:12.848599+00:00,DASHUSDT,Bitget,LONG,0.0,0.0,87.5,scalp-structure-v1,1.0,0.5,0.5,1.0,1.0,1.0,0.875,63.66,62.988,65.24,1.153,2.07
Bitget_2026-09-23T03:35:15.664832+00:00_BEATUSDT_LONG_0.0912,2026-09-23T03:35:15.664832+00:00,BEATUSDT,Bitget,LONG,0.0,0.0,81.2,scalp-structure-v1,1.0,0.5,1.0,1.0,0.0,0.75,0.8125,0.0912,0.090955714286,0.0927,0.3164,5.04
Bitget_2026-09-23T03:35:19.671162+00:00_CLANKERUSDT_LONG_14.81,2026-09-23T03:35:19.671162+00:00,CLANKERUSDT,Bitget,LONG,0.0,0.0,100.0,scalp-structure-v1,1.0,0.5,1.0,1.0,1.0,1.0,1.0,14.81,14.682285714286,15.21,0.9144,2.9
Bitget_2026-09-23T03:35:43.142392+00:00_WALUSDT_LONG_0.03512,2026-09-23T03:35:43.142392+00:00,WALUSDT,Bitget,LONG,0.0,0.0,85.0,scalp-structure-v1,1.0,1.0,1.0,1.0,0.0,1.0,0.85,0.03512,0.034872428571,0.03596,0.755,3.1
Bitget_2026-09-23T06:03:05.640087+00:00_KITEUSDT_LONG_0.13756,2026-09-23T06:03:05.640087+00:00,KITEUSDT,Bitget,LONG,0.0,0.0,85.0,scalp-structure-v1,1.0,1.0,1.0,1.0,0.0,1.0,0.85,0.13756,0.137293428571,0.13973,0.264,5.71
Bitget_2026-09-23T07:43:03.352856+00:00_LABUSDT_LONG_0.0611,2026-09-23T07:43:03.352856+00:00,LABUSDT,Bitget,LONG,0.0,0.0,85.0,scalp-structure-v1,1.0,1.0,1.0,1.0,0.0,1.0,0.85,0.0611,0.060865714286,0.0626,0.4396,5.46
Bitget_2026-09-23T08:15:35.709475+00:00_BSVUSDT_LONG_22.34,2026-09-23T08:15:35.709475+00:00,BSVUSDT,Bitget,LONG,0.0,0.0,81.2,scalp-structure-v1,1.0,0.5,1.0,1.0,0.0,0.75,0.8125,22.34,22.235,22.93,0.5819,4.35
Bitget_2026-09-23T08:15:53.342915+00:00_SAHARAUSDT_LONG_0.009992,2026-09-23T08:15:53.342915+00:00,SAHARAUSDT,Bitget,LONG,0.0,0.0,80.0,scalp-structure-v1,1.0,0.5,1.0,0.0,1.0,1.0,0.8,0.009992,0.009881828571,0.010245,1.1944,2.04
Bitget_2026-09-23T09:16:53.622058+00:00_ARBUSDT_LONG_0.2406,2026-09-23T09:16:53.622058+00:00,ARBUSDT,Bitget,LONG,0.0,0.0,100.0,scalp-structure-v1,1.0,0.5,1.0,1.0,1.0,1.0,1.0,0.2406,0.237184285714,0.2519,1.5509,2.94
Bitget_2026-09-23T09:17:02.414362+00:00_ENSUSDT_LONG_7.121,2026-09-23T09:17:02.414362+00:00,ENSUSDT,Bitget,LONG,0.0,0.0,80.0,scalp-structure-v1,1.0,0.5,1.0,0.0,1.0,1.0,0.8,7.121,7.031042857143,7.333,1.361,2.12
Bitget_2026-09-23T09:59:55.527818+00:00_BUSDT_LONG_0.2289,2026-09-23T09:59:55.527818+00:00,BUSDT,Bitget,LONG,0.0,0.0,100.0,scalp-structure-v1,1.0,0.5,1.0,1.0,1.0,1.0,1.0,0.2289,0.227562857143,0.2362,0.6441,4.86
Bitget_2026-09-23T10:00:08.962627+00:00_NILUSDT_LONG_0.09554,2026-09-23T10:00:08.962627+00:00,NILUSDT,Bitget,LONG,0.0,0.0,85.0,scalp-structure-v1,1.0,1.0,1.0,1.0,0.0,1.0,0.85,0.09554,0.094933857143,0.09885,0.9863,3.16
Bitget_2026-09-23T10:33:22.935897+00:00_AAVEUSDT_LONG_148.07,2026-09-23T10:33:22.935897+00:00,AAVEUSDT,Bitget,LONG,0.0,0.0,85.0,scalp-structure-v1,1.0,1.0,1.0,1.0,0.0,1.0,0.85,148.07,147.606285714286,151.45,0.3967,5.54
Bitget_2026-09-23T10:33:45.510856+00:00_NILUSDT_LONG_0.09552,2026-09-23T10:33:45.510856+00:00,NILUSDT,Bitget,LONG,0.0,0.0,81.2,scalp-structure-v1,1.0,0.5,1.0,1.0,0.0,0.75,0.8125,0.09552,0.093998857143,0.10282,1.9182,3.81
Bitget_2026-09-23T12:31:00.744230+00:00_ATHUSDT_LONG_0.006025,2026-09-23T12:31:00.744230+00:00,ATHUSDT,Bitget,LONG,0.0,0.0,100.0,scalp-structure-v1,1.0,0.5,1.0,1.0,1.0,1.0,1.0,0.006025,0.005945971429,0.006367,1.4283,3.89
Bitget_2026-09-23T14:04:33.701565+00:00_0GUSDT_LONG_0.2583,2026-09-23T14:04:33.701565+00:00,0GUSDT,Bitget,LONG,0.0,0.0,81.2,scalp-structure-v1,1.0,0.5,1.0,1.0,0.0,0.75,0.8125,0.2583,0.25719,0.2666,0.5497,5.63
Bitget_2026-09-23T17:31:53.963477+00:00_FOLKSUSDT_SHORT_2.298,2026-09-23T17:31:53.963477+00:00,FOLKSUSDT,Bitget,SHORT,0.0,0.0,87.5,scalp-structure-v1,1.0,0.5,0.5,1.0,1.0,1.0,0.875,2.298,2.318468571429,2.2102,1.0068,3.68
Bitget_2026-09-23T19:43:08.682516+00:00_APRUSDT_LONG_0.14728,2026-09-23T19:43:08.682516+00:00,APRUSDT,Bitget,LONG,0.0,0.0,100.0,scalp-structure-v1,1.0,0.5,1.0,1.0,1.0,1.0,1.0,0.14728,0.145995,0.15373,0.8725,5.02
Bitget_2026-09-23T19:43:15.493301+00:00_CYSUSDT_SHORT_0.16688,2026-09-23T19:43:15.493301+00:00,CYSUSDT,Bitget,SHORT,0.0,0.0,81.2,scalp-structure-v1,1.0,0.5,1.0,1.0,0.0,0.75,0.8125,0.16688,0.167570714286,0.16282,0.4139,5.88
Bitget_2026-09-24T03:53:19.302275+00:00_GRVTUSDT_LONG_0.1939,2026-09-24T03:53:19.302275+00:00,GRVTUSDT,Bitget,LONG,0.0,0.0,100.0,scalp-structure-v1,1.0,0.5,1.0,1.0,1.0,1.0,1.0,0.1939,0.193171571429,0.1954,0.3757,2.06
Bitget_2026-09-24T05:03:18.519044+00:00_CAPUSDT_LONG_0.04993,2026-09-24T05:03:18.519044+00:00,CAPUSDT,Bitget,LONG,0.0,0.0,100.0,scalp-structure-v1,1.0,0.5,1.0,1.0,1.0,1.0,1.0,0.04993,0.049422285714,0.05285,1.0169,5.75
Bitget_2026-09-24T07:04:41.837621+00:00_CHILLGUYUSDT_SHORT_0.01294,2026-09-24T07:04:41.837621+00:00,CHILLGUYUSDT,Bitget,SHORT,0.0,0.0,100.0,scalp-structure-v1,1.0,0.5,1.0,1.0,1.0,1.0,1.0,0.01294,0.012983285714,0.01269,0.3345,5.78
Bitget_2026-09-24T07:04:48.095986+00:00_GRAMUSDT_SHORT_1.4268,2026-09-24T07:04:48.095986+00:00,GRAMUSDT,Bitget,SHORT,0.0,0.0,100.0,scalp-structure-v1,1.0,0.5,1.0,1.0,1.0,1.0,1.0,1.4268,1.433591428571,1.406,0.476,3.06
Bitget_2026-09-24T07:04:50.116254+00:00_IOSTUSDT_SHORT_0.0009067,2026-09-24T07:04:50.116254+00:00,IOSTUSDT,Bitget,SHORT,0.0,0.0,100.0,scalp-structure-v1,1.0,0.5,1.0,1.0,1.0,1.0,1.0,0.0009067,0.000912551429,0.0008756,0.6454,5.31
Bitget_2026-09-24T07:04:58.372487+00:00_PNUTUSDT_SHORT_0.05418,2026-09-24T07:04:58.372487+00:00,PNUTUSDT,Bitget,SHORT,0.0,0.0,100.0,scalp-structure-v1,1.0,0.5,1.0,1.0,1.0,1.0,1.0,0.05418,0.054564428571,0.05242,0.7095,4.58
Bitget_2026-09-24T07:05:00.012386+00:00_REZUSDT_SHORT_0.003835,2026-09-24T07:05:00.012386+00:00,REZUSDT,Bitget,SHORT,0.0,0.0,100.0,scalp-structure-v1,1.0,0.5,1.0,1.0,1.0,1.0,1.0,0.003835,0.0038622,0.003676,0.7093,5.85
Bitget_2026-09-24T07:05:00.383429+00:00_SANDUSDT_SHORT_0.04054,2026-09-24T07:05:00.383429+00:00,SANDUSDT,Bitget,SHORT,0.0,0.0,100.0,scalp-structure-v1,1.0,0.5,1.0,1.0,1.0,1.0,1.0,0.04054,0.040743857143,0.03985,0.5029,3.38
Bitget_2026-09-24T07:05:02.080427+00:00_SPKUSDT_SHORT_0.02041,2026-09-24T07:05:02.080427+00:00,SPKUSDT,Bitget,SHORT,0.0,0.0,100.0,scalp-structure-v1,1.0,0.5,1.0,1.0,1.0,1.0,1.0,0.02041,0.020526571429,0.02008,0.5711,2.83
Bitget_2026-09-24T07:05:03.559654+00:00_SUSHIUSDT_SHORT_0.2521,2026-09-24T07:05:03.559654+00:00,SUSHIUSDT,Bitget,SHORT,0.0,0.0,100.0,scalp-structure-v1,1.0,0.5,1.0,1.0,1.0,1.0,1.0,0.2521,0.253265714286,0.2455,0.4624,5.66
Bitget_2026-09-24T07:05:08.433699+00:00_ZKUSDT_SHORT_0.01161,2026-09-24T07:05:08.433699+00:00,ZKUSDT,Bitget,SHORT,0.0,0.0,100.0,scalp-structure-v1,1.0,0.5,1.0,1.0,1.0,1.0,1.0,0.01161,0.011632571429,0.01148,0.1944,5.76
Bitget_2026-09-24T10:59:19.018963+00:00_BEATUSDT_LONG_0.09049,2026-09-24T10:59:19.018963+00:00,BEATUSDT,Bitget,LONG,0.0,0.0,100.0,scalp-structure-v1,1.0,0.5,1.0,1.0,1.0,1.0,1.0,0.09049,0.089512428571,0.0936,1.0803,3.18
Bitget_2026-09-24T10:59:21.583374+00:00_CELRUSDT_LONG_0.003044,2026-09-24T10:59:21.583374+00:00,CELRUSDT,Bitget,LONG,0.0,0.0,100.0,scalp-structure-v1,1.0,0.5,1.0,1.0,1.0,1.0,1.0,0.003044,0.002985657143,0.003359,1.9167,5.4
Bitget_2026-09-24T10:59:48.791010+00:00_ZESTUSDT_LONG_0.18285,2026-09-24T10:59:48.791010+00:00,ZESTUSDT,Bitget,LONG,0.0,0.0,85.0,scalp-structure-v1,1.0,1.0,1.0,1.0,0.0,1.0,0.85,0.18285,0.181795714286,0.18781,0.5766,4.7
Bitget_2026-09-24T12:30:50.786697+00:00_BLESSUSDT_LONG_0.00966,2026-09-24T12:30:50.786697+00:00,BLESSUSDT,Bitget,LONG,0.0,0.0,87.5,scalp-structure-v1,1.0,0.5,0.5,1.0,1.0,1.0,0.875,0.00966,0.009555285714,0.010156,1.084,4.74
Bitget_2026-09-24T12:30:50.961747+00:00_BSVUSDT_SHORT_21.47,2026-09-24T12:30:50.961747+00:00,BSVUSDT,Bitget,SHORT,0.0,0.0,85.0,scalp-structure-v1,1.0,1.0,1.0,1.0,0.0,1.0,0.85,21.47,21.512428571429,21.24,0.1976,5.42
Bitget_2026-09-24T16:07:02.653213+00:00_牛来USDT_SHORT_0.10385,2026-09-24T16:07:02.653213+00:00,牛来USDT,Bitget,SHORT,0.0,0.0,80.0,scalp-structure-v1,1.0,0.5,1.0,0.0,1.0,1.0,0.8,0.10385,0.105876571429,0.09964,1.9514,2.08
Bitget_2026-09-25T07:41:09.272022+00:00_龙虾USDT_SHORT_0.132940771429,2026-09-25T07:41:09.272022+00:00,龙虾USDT,Bitget,SHORT,0.0,0.0,100.0,scalp-structure-v1,1.0,0.5,1.0,1.0,1.0,1.0,1.0,0.132940771429,0.133643457143,0.130078,0.5518,4.07
Bitget_2026-09-25T17:06:31.088982+00:00_FOLKSUSDT_SHORT_2.353534285714,2026-09-25T17:06:31.088982+00:00,FOLKSUSDT,Bitget,SHORT,0.0,0.0,80.0,scalp-structure-v1,1.0,0.5,1.0,0.0,1.0,1.0,0.8,2.353534285714,2.357031428571,2.3367,0.1494,4.81
Bitget_2026-09-26T03:39:09.507166+00:00_DYMUSDT_LONG_0.020307642857,2026-09-26T03:39:09.507166+00:00,DYMUSDT,Bitget,LONG,0.0,0.0,80.0,scalp-structure-v1,1.0,0.5,1.0,0.0,1.0,1.0,0.8,0.020307642857,0.020284714286,0.02041,0.1106,4.46
Bitget_2026-09-26T04:54:09.295007+00:00_XPLUSDT_LONG_0.109576,2026-09-26T04:54:09.295007+00:00,XPLUSDT,Bitget,LONG,0.0,0.0,100.0,scalp-structure-v1,1.0,0.5,1.0,1.0,1.0,1.0,1.0,0.109576,0.109378,0.11053,0.1784,4.82
Bitget_2026-09-26T05:08:00.188107+00:00_VTHOUSDT_LONG_0.000793563571,2026-09-26T05:08:00.188107+00:00,VTHOUSDT,Bitget,LONG,0.0,0.0,100.0,scalp-structure-v1,1.0,0.5,1.0,1.0,1.0,1.0,1.0,0.000793563571,0.000792472857,0.0007978,0.1366,3.88
Bitget_BABYUSDT_LONG_2026-09-26T14:30:00+00:00,2026-09-26T14:36:50.217553+00:00,BABYUSDT,Bitget,LONG,0.0,0.0,80.0,scalp-structure-v1,1.0,0.5,1.0,0.0,1.0,1.0,0.8,0.013775785714,0.013758428571,0.01384,0.1245,3.7
Bitget_OPGUSDT_LONG_2026-09-26T16:30:00+00:00,2026-09-26T16:37:57.372340+00:00,OPGUSDT,Bitget,LONG,0.0,0.0,81.2,scalp-structure-v1,1.0,0.5,1.0,1.0,0.0,0.75,0.8125,0.139751428571,0.139597142857,0.1406,0.1096,5.5
Bitget_PENGUUSDT_LONG_2026-09-26T18:00:00+00:00,2026-09-26T18:06:27.951614+00:00,PENGUUSDT,Bitget,LONG,0.0,0.0,87.5,scalp-structure-v1,1.0,0.5,0.5,1.0,1.0,1.0,0.875,0.010084578571,0.010073842857,0.010134,0.106,4.6
Bitget_POLUSDT_SHORT_2026-09-26T21:00:00+00:00,2026-09-26T21:06:10.568777+00:00,POLUSDT,Bitget,SHORT,78.1,78.1,78.1,alpha-hunter-v1,0.6562499999999999,0.0,0.0,1.0,-0.012073985271450665,0.0,0.0,0.11860714285714286,0.118845,0.11807,0.2012498035850332,2.2582582582581994
Bitget_MUBARAKUSDT_SHORT_2026-09-26T21:00:00+00:00,2026-09-26T21:06:10.568777+00:00,MUBARAKUSDT,Bitget,SHORT,72.5,72.5,72.5,alpha-hunter-v1,0.8148599269183922,0.0,0.0,0.7459341495667329,-0.02054203348869319,0.0,0.0,0.059559,0.0597885,0.05898,0.3881935047361308,2.522875816993472
Bitget_LSKUSDT_LONG_2026-09-26T21:00:00+00:00,2026-09-26T21:06:10.568777+00:00,LSKUSDT,Bitget,LONG,65.8,65.8,65.8,alpha-hunter-v1,0.6749999999999998,0.0,0.0,0.485770068633252,-0.003884572697003364,0.0,0.0,0.35274357142857143,0.35029750000000004,0.3562,0.6813569438917535,1.4130530004380442
Bitget_LTCUSDT_SHORT_2026-09-26T21:15:00+00:00,2026-09-26T21:22:50.796760+00:00,LTCUSDT,Bitget,SHORT,80.0,80.0,80.0,alpha-hunter-v1,0.7520000000000039,0.0,0.0,1.0,-0.0027929060187125102,0.0,0.0,72.15435714285715,72.26975,71.92,0.16069190522608393,2.0309501702261032
Bitget_UNIUSDT_SHORT_2026-09-26T21:15:00+00:00,2026-09-26T21:22:50.796760+00:00,UNIUSDT,Bitget,SHORT,77.1,77.1,77.1,alpha-hunter-v1,0.6055276381909545,0.0,0.0,1.0,-0.01262759128696193,0.0,0.0,9.635514285714287,9.655700000000001,9.597,0.20976529445822195,1.9079971691436937
Bitget_MUBARAKUSDT_SHORT_2026-09-26T21:15:00+00:00,2026-09-26T21:22:50.796760+00:00,MUBARAKUSDT,Bitget,SHORT,77.0,77.0,77.0,alpha-hunter-v1,0.6004872107186361,0.0,0.0,1.0,-0.004397834912043357,0.0,0.0,0.06009007142857143,0.060359750000000004,0.05932,0.4541572439012689,2.8555158257184403
Bitget_ZENUSDT_SHORT_2026-09-26T21:15:00+00:00,2026-09-26T21:22:50.796760+00:00,ZENUSDT,Bitget,SHORT,66.1,66.1,66.1,alpha-hunter-v1,0.6511627906976749,0.0,0.0,0.5372016356611132,-0.012363168061815852,0.0,0.0,7.888792857142858,7.912225,7.854,0.2980809420829752,1.4848346288675778
Bitget_PROMUSDT_SHORT_2026-09-26T21:45:00+00:00,2026-09-26T21:52:04.604222+00:00,PROMUSDT,Bitget,SHORT,81.0,81.0,81.0,alpha-hunter-v1,0.7998271889400931,0.0,0.0,1.0,0.0029075279691550215,0.0,0.0,6.342448571428571,6.35528,6.3165,0.2033506905139205,2.022266755733737
Bitget_ASTERUSDT_SHORT_2026-09-26T21:50:00+00:00,2026-09-26T22:00:09.675933+00:00,ASTERUSDT,Bitget,SHORT,77.3,77.3,77.3,alpha-hunter-v1,0.6125000000000014,0.0,0.0,1.0,-0.0010869565217391617,0.0,0.0,0.73856,0.73964,0.7348,0.14657980456025652,3.4814814814815653
Bitget_2ZUSDT_SHORT_2026-09-26T21:50:00+00:00,2026-09-26T22:00:09.675933+00:00,2ZUSDT,Bitget,SHORT,76.1,76.1,76.1,alpha-hunter-v1,0.5535248041775467,0.0,0.0,1.0,-0.017238902456543494,0.0,0.0,0.07155628571428571,0.071843,0.07091,0.40490649020518704,2.2541106128549373
Bitget_PROMUSDT_SHORT_2026-09-26T21:50:00+00:00,2026-09-26T22:00:09.675933+00:00,PROMUSDT,Bitget,SHORT,72.4,72.4,72.4,alpha-hunter-v1,0.7998271889400931,0.0,0.0,0.7583327228774449,-0.0028410443615584694,0.0,0.0,6.3427307142857146,6.3542925,6.3165,0.18298597294069896,2.2687424705775108
Bitget_ARBUSDT_SHORT_2026-09-26T21:50:00+00:00,2026-09-26T22:00:09.675933+00:00,ARBUSDT,Bitget,SHORT,70.7,70.7,70.7,alpha-hunter-v1,0.6092468307233414,0.0,0.0,0.9030224455612776,-0.006097560975609757,0.0,0.0,0.2247822142857143,0.22535725,0.22325,0.2562547746371281,2.6645549965840645
Bitget_ADAUSDT_SHORT_2026-09-26T23:35:00+00:00,2026-09-26T23:42:52.844569+00:00,ADAUSDT,Bitget,SHORT,76.6,76.6,76.6,alpha-hunter-v1,0.5777777777777795,0.0,0.0,1.0,-0.0019770660340055375,0.0,0.0,0.25344932,0.25370272,0.2527,0.1000000000000058,2.957063930544413
Bitget_BRUSDT_SHORT_2026-09-26T23:35:00+00:00,2026-09-26T23:42:52.844569+00:00,BRUSDT,Bitget,SHORT,69.1,69.1,69.1,alpha-hunter-v1,0.7414211438474869,0.0,0.0,0.6163574702932455,-0.0006411847439397224,0.0,0.0,0.9708748571428572,0.9734630000000001,0.96387,0.2674861879268823,2.706518739305552
Bitget_RENDERUSDT_SHORT_2026-09-26T23:35:00+00:00,2026-09-26T23:42:52.844569+00:00,RENDERUSDT,Bitget,SHORT,68.4,68.4,68.4,alpha-hunter-v1,0.5870253164556969,0.0,0.0,0.7740680329051536,-0.0008031725314994457,0.0,0.0,1.99943,2.001995,1.9935,0.12865526408185426,2.3118908382066885
Bitget_ONEUSDT_SHORT_2026-09-26T23:35:00+00:00,2026-09-26T23:42:52.844569+00:00,ONEUSDT,Bitget,SHORT,66.2,66.2,66.2,alpha-hunter-v1,0.619383259911896,0.0,0.0,0.5846320494215361,-0.0015273348007727376,0.0,0.0,0.002240005,0.0022453825,0.0022216,0.24119757793225938,3.422594142259668
Bitget_PYTHUSDT_LONG_2026-09-27T01:45:00+00:00,2026-09-27T01:51:17.659616+00:00,PYTHUSDT,Bitget,LONG,83.9,83.9,83.9,alpha-hunter-v1,0.9461077844311371,0.0,0.0,1.0,-0.041582750858902964,0.0,0.0,0.07937857142857142,0.078845,0.08072,0.659544411089524,2.5140562248996257
Bitget_STRKUSDT_SHORT_2026-09-27T01:45:00+00:00,2026-09-27T01:51:17.659616+00:00,STRKUSDT,Bitget,SHORT,82.6,82.6,82.6,alpha-hunter-v1,0.6284422523633362,1.0,0.0,1.0,-0.003647642679900604,1.0,0.0,0.040571835714285714,0.040626575000000005,0.040488,0.13533583631490742,1.531545638415676
Bitget_EIGENUSDT_SHORT_2026-09-27T01:45:00+00:00,2026-09-27T01:51:17.659616+00:00,EIGENUSDT,Bitget,SHORT,81.6,81.6,81.6,alpha-hunter-v1,0.5802469135802484,1.0,0.0,1.0,-0.008518518518518403,1.0,0.0,0.2733878571428572,0.27389250000000004,0.2721,0.18532605844394284,2.5520169851380703
Bitget_POLUSDT_LONG_2026-09-27T04:00:00+00:00,2026-09-27T04:09:32.812810+00:00,POLUSDT,Bitget,LONG,82.3,82.3,82.3,alpha-hunter-v1,0.8651960784313738,0.0,0.0,1.0,-0.006565278816587824,0.0,0.0,0.11901242857142857,0.11882150000000001,0.11952,0.1597194005592807,2.6584362139918616
Bitget_XVGUSDT_LONG_2026-09-27T04:00:00+00:00,2026-09-27T04:09:32.812810+00:00,XVGUSDT,Bitget,LONG,81.7,81.7,81.7,alpha-hunter-v1,0.8347107438016524,0.0,0.0,1.0,-0.008124999999999993,0.0,0.0,0.0031660071428571425,0.003161475,0.003181,0.14278963002969697,3.308116627265789
Bitget_FILUSDT_LONG_2026-09-27T04:00:00+00:00,2026-09-27T04:09:32.812810+00:00,FILUSDT,Bitget,LONG,79.2,79.2,79.2,alpha-hunter-v1,0.7105263157894769,0.0,0.0,1.0,-0.011132538569424906,0.0,0.0,1.123035,1.1206275,1.1285,0.21341193156634125,2.2699896157841284
Bitget_NEARUSDT_LONG_2026-09-27T04:00:00+00:00,2026-09-27T04:09:32.812810+00:00,NEARUSDT,Bitget,LONG,78.9,78.9,78.9,alpha-hunter-v1,0.6943687556766582,0.0,0.0,1.0,-0.006508407517309537,0.0,0.0,5.007781428571429,4.994365,5.0397,0.26714777824870956,2.3790661768620653
Bitget_LDOUSDT_LONG_2026-09-27T04:00:00+00:00,2026-09-27T04:09:32.812810+00:00,LDOUSDT,Bitget,LONG,78.7,78.7,78.7,alpha-hunter-v1,0.6844919786096276,0.0,0.0,1.0,-0.008693852204512485,0.0,0.0,0.4776107142857143,0.4771125,0.4793,0.10403305193449205,3.3906810035842767
Bitget_TUTUSDT_LONG_2026-09-27T04:00:00+00:00,2026-09-27T04:09:32.812810+00:00,TUTUSDT,Bitget,LONG,78.7,78.7,78.7,alpha-hunter-v1,0.6874999999999991,0.0,0.0,1.0,-0.00799999999999994,0.0,0.0,0.025968928571428573,0.02592875,0.02608,0.15429558920342915,2.7644444444442673
Bitget_CRVUSDT_LONG_2026-09-27T04:00:00+00:00,2026-09-27T04:09:32.812810+00:00,CRVUSDT,Bitget,LONG,78.1,78.1,78.1,alpha-hunter-v1,0.6551724137931031,0.0,0.0,1.0,-0.005502461627570266,0.0,0.0,0.34327928571428573,0.3429225,0.344,0.10389799484150036,2.0200200200199068
Bitget_GALAUSDT_LONG_2026-09-27T04:00:00+00:00,2026-09-27T04:09:32.812810+00:00,GALAUSDT,Bitget,LONG,78.0,78.0,78.0,alpha-hunter-v1,0.6489361702127652,0.0,0.0,1.0,-0.005298013245033241,0.0,0.0,0.0022430285714285713,0.0022384,0.002259,0.2054403652273031,3.4506172839508875
Bitget_UNIUSDT_LONG_2026-09-27T04:00:00+00:00,2026-09-27T04:09:32.812810+00:00,UNIUSDT,Bitget,LONG,77.5,77.5,77.5,alpha-hunter-v1,0.6267857142857121,0.0,0.0,1.0,-0.005552699228791802,0.0,0.0,9.664728571428572,9.652450000000002,9.701,0.12696279007931416,2.9540430482840927
Bitget_PENDLEUSDT_LONG_2026-09-27T04:00:00+00:00,2026-09-27T04:09:32.812810+00:00,PENDLEUSDT,Bitget,LONG,71.3,71.3,71.3,alpha-hunter-v1,0.7369077306733154,0.0,0.0,0.7698464000985008,-0.01280320851490507,0.0,0.0,2.5459914285714285,2.54153,2.559,0.17428136143711148,2.91578610310602
Bitget_RENDERUSDT_LONG_2026-09-27T04:00:00+00:00,2026-09-27T04:09:32.812810+00:00,RENDERUSDT,Bitget,LONG,69.3,69.3,69.3,alpha-hunter-v1,0.7002096436058709,0.0,0.0,0.6888379830947038,-0.002049282751037244,0.0,0.0,1.9887092857142856,1.9859674999999999,1.9926,0.1373227343627035,1.4190438973557318
Bitget_DOGSUSDT_LONG_2026-09-27T04:25:00+00:00,2026-09-27T04:33:11.313878+00:00,DOGSUSDT,Bitget,LONG,0.0,0.0,81.2,scalp-structure-v1,1.0,0.5,1.0,1.0,0.0,0.75,0.8125,5.1044571e-05,5.0934e-05,5.135e-05,0.2157,2.76
Bitget_MORPHOUSDT_LONG_2026-09-27T04:25:00+00:00,2026-09-27T04:33:38.476423+00:00,MORPHOUSDT,Bitget,LONG,79.6,79.6,79.6,alpha-hunter-v2,0.7308238636363634,0.0,0.0,1.0,-0.006887052341597842,0.0,0.0,2.7379685714285715,2.73451,2.7589,0.1262344488127349,6.052044609665642
Bitget_DYDXUSDT_LONG_2026-09-27T04:25:00+00:00,2026-09-27T04:33:38.476423+00:00,DYDXUSDT,Bitget,LONG,77.2,77.2,77.2,alpha-hunter-v2,0.6075949367088592,0.0,0.0,1.0,-0.008339124391938893,0.0,0.0,0.1416714285714286,0.14135,0.1435,0.22524777254981335,5.68888888888859
Bitget_SUIUSDT_LONG_2026-09-27T04:25:00+00:00,2026-09-27T04:33:38.476423+00:00,SUIUSDT,Bitget,LONG,76.1,76.1,76.1,alpha-hunter-v2,0.555737704918034,0.0,0.0,1.0,-0.005304585900068432,0.0,0.0,1.1611321428571428,1.1596375,1.1705,0.12856036961489214,6.267622461171435
Bitget_RENDERUSDT_LONG_2026-09-27T04:45:00+00:00,2026-09-27T04:51:35.199729+00:00,RENDERUSDT,Bitget,LONG,86.9,86.9,86.9,alpha-hunter-v2,0.5932914046121582,1.0,0.0,1.0,-0.005034393380520496,1.0,0.0,1.9901267857142857,1.9844517857142858,2.0264,0.28430439356745024,6.39175582127142
Bitget_MINAUSDT_LONG_2026-09-27T04:45:00+00:00,2026-09-27T04:51:35.199729+00:00,MINAUSDT,Bitget,LONG,83.8,83.8,83.8,alpha-hunter-v2,0.6877022653721699,1.0,0.0,1.0,-0.004203128229862877,1.0,0.0,0.14390785714285714,0.14354985714285715,0.146,0.2477165790202029,5.843974461292917
Bitget_UNIUSDT_LONG_2026-09-27T04:45:00+00:00,2026-09-27T04:51:35.199729+00:00,UNIUSDT,Bitget,LONG,81.7,81.7,81.7,alpha-hunter-v2,0.5857142857142841,1.0,0.0,1.0,-0.0010291242152927638,1.0,0.0,9.668267857142856,9.645117857142857,9.83,0.2384876892963772,6.986269669855218
Bitget_HYPEUSDT_LONG_2026-09-27T04:45:00+00:00,2026-09-27T04:51:35.199729+00:00,HYPEUSDT,Bitget,LONG,80.3,80.3,80.3,alpha-hunter-v2,0.7647882394119716,0.0,0.0,1.0,-0.004068348250610204,0.0,0.0,92.8765,92.738976,93.671,0.1478371173030606,5.777173438818088
Bitget_MORPHOUSDT_LONG_2026-09-27T04:45:00+00:00,2026-09-27T04:51:35.199729+00:00,MORPHOUSDT,Bitget,LONG,79.0,79.0,79.0,alpha-hunter-v2,0.6995738636363636,0.0,0.0,1.0,-0.008891480212812468,0.0,0.0,2.7184392857142856,2.7124492857142855,2.7589,0.22023678211633801,6.7547102313378
Bitget_LDOUSDT_LONG_2026-09-27T04:45:00+00:00,2026-09-27T04:51:35.199729+00:00,LDOUSDT,Bitget,LONG,76.3,76.3,76.3,alpha-hunter-v2,0.5662650602409649,0.0,0.0,1.0,0.00041701417848202246,0.0,0.0,0.47740535714285715,0.47627035714285715,0.485,0.2365568987077943,6.691315292636881
Bitget_TUSDT_LONG_2026-09-27T04:45:00+00:00,2026-09-27T04:51:35.199729+00:00,TUSDT,Bitget,LONG,76.3,76.3,76.3,alpha-hunter-v2,0.5660377358490583,0.0,0.0,1.0,-0.011957635804578023,0.0,0.0,0.005774267857142857,0.005756717857142856,0.005879,0.30342323651453534,5.967643467643202
Bitget_INJUSDT_LONG_2026-09-27T04:45:00+00:00,2026-09-27T04:51:35.199729+00:00,INJUSDT,Bitget,LONG,71.9,71.9,71.9,alpha-hunter-v2,0.6804123711340214,0.0,0.0,0.8828334193136316,-0.006556955515556605,0.0,0.0,7.7215,7.7033,7.84,0.23553772486088026,6.510989010988936
Bitget_THETAUSDT_LONG_2026-09-27T04:45:00+00:00,2026-09-27T04:51:35.199729+00:00,THETAUSDT,Bitget,LONG,70.7,70.7,70.7,alpha-hunter-v2,0.5599999999999989,0.0,0.0,0.9699434023200285,-0.002610966057441328,0.0,0.0,0.22918571428571427,0.22887079999999999,0.2317,0.1373971578160057,7.984031936127776
Bitget_ACHUSDT_LONG_2026-09-27T04:45:00+00:00,2026-09-27T04:51:35.199729+00:00,ACHUSDT,Bitget,LONG,68.3,68.3,68.3,alpha-hunter-v2,0.6756756756756749,0.0,0.0,0.6551257104575356,-0.0076787713965764575,0.0,0.0,0.006192535714285714,0.006179835714285715,0.006279,0.20473964210864373,6.808211473566277
Bitget_STABLEUSDT_LONG_2026-09-27T04:45:00+00:00,2026-09-27T04:51:35.199729+00:00,STABLEUSDT,Bitget,LONG,67.4,67.4,67.4,alpha-hunter-v2,0.5540540540540521,0.0,0.0,0.7517480863303906,0.000729394602479912,0.0,0.0,0.02736517857142857,0.02732256,0.02763,0.15531549354435983,6.213756578285616
Bitget_EGLDUSDT_SHORT_2026-09-27T06:40:00+00:00,2026-09-27T06:48:05.119113+00:00,EGLDUSDT,Bitget,SHORT,78.4,78.4,78.4,alpha-hunter-v2,0.6720430107526884,0.0,0.0,1.0,-0.003696455751250154,0.0,0.0,4.631410714285715,4.638660714285715,4.581,0.15706239168110872,6.953201970443389
Bitget_KMNOUSDT_SHORT_2026-09-27T06:40:00+00:00,2026-09-27T06:48:05.119113+00:00,KMNOUSDT,Bitget,SHORT,72.3,72.3,72.3,alpha-hunter-v2,0.8461538461538465,0.0,0.0,0.6908109573511109,-0.0023539482131392894,0.0,0.0,0.04718357142857143,0.04736957142857143,0.04611,0.39709649871904074,5.771889400921712
Bitget_MINAUSDT_LONG_2026-09-27T06:40:00+00:00,2026-09-27T06:48:05.119113+00:00,MINAUSDT,Bitget,LONG,68.4,68.4,68.4,alpha-hunter-v2,0.5714285714285745,0.0,0.0,0.7981558442668611,-0.0038532993876004766,0.0,0.0,0.1445282142857143,0.1441972142857143,0.146,0.22863853008219795,4.4464825205005996
Bitget_BLESSUSDT_SHORT_2026-09-27T07:45:00+00:00,2026-09-27T07:51:13.916937+00:00,BLESSUSDT,Bitget,SHORT,0.0,0.0,85.0,scalp-structure-v1,1.0,1.0,1.0,1.0,0.0,1.0,0.85,0.009282910714,0.009301476536,0.009114704372,0.2002,9.06
Bitget_BILLUSDT_LONG_2026-09-27T13:00:00+00:00,2026-09-27T13:06:37.088783+00:00,BILLUSDT,Bitget,LONG,76.9,76.9,76.9,alpha-hunter-v2,0.5945945945945943,0.0,0.0,1.0,-0.023827824750192253,0.0,0.0,0.012595178571428571,0.012569988214285715,0.012856858724710424,0.1983492688413901,10.388108108108334
Bitget_MAGICUSDT_SHORT_2026-09-27T13:45:00+00:00,2026-09-27T13:54:32.121384+00:00,MAGICUSDT,Bitget,SHORT,77.2,77.2,77.2,alpha-hunter-v2,0.6076923076923058,0.0,0.0,1.0,-0.03560548362528568,0.0,0.0,0.05434714285714286,0.05445583714285714,0.05321698984087912,0.19984240800567205,10.397538461538518
Bitget_GPSUSDT_SHORT_2026-09-28T04:45:00+00:00,2026-09-28T04:53:09.288463+00:00,GPSUSDT,Bitget,SHORT,77.7,77.7,77.7,alpha-hunter-v2,0.6361778231987743,0.0,0.0,1.0,-0.01515691868758916,0.0,0.0,0.011444982142857142,0.011502207053571427,0.011101632678571428,0.5025901169355793,6.00000000000006
Bitget_QNTUSDT_SHORT_2026-09-28T04:45:00+00:00,2026-09-28T04:53:20.204529+00:00,QNTUSDT,Bitget,SHORT,69.2,69.2,69.2,alpha-hunter-v2,0.5950625375498388,0.0,0.0,0.8191368983781305,-0.04633595514368053,0.0,0.0,276.33232142857145,277.7139830357143,268.0423517857143,0.5141640395738537,6.0
Bitget_ORCAUSDT_SHORT_2026-09-28T05:50:00+00:00,2026-09-28T05:55:38.256791+00:00,ORCAUSDT,Bitget,SHORT,70.8,70.8,70.8,alpha-hunter-v2,0.8015873015873021,0.0,0.0,0.6536599061748432,-0.014671361502347496,0.0,0.0,1.740625,1.7493281250000001,1.714515625,0.5033617698091402,3.0
Bitget_SKYAIUSDT_SHORT_2026-09-28T05:50:00+00:00,2026-09-28T05:55:43.169058+00:00,SKYAIUSDT,Bitget,SHORT,69.5,69.5,69.5,alpha-hunter-v2,0.6445497630331751,0.0,0.0,0.7711306371068404,-0.02088221492257161,0.0,0.0,0.04364767857142857,0.04386591696428572,0.042992963392857145,0.5015821486029538,2.999999999999968
Bitget_NMRUSDT_SHORT_2026-09-28T06:40:00+00:00,2026-09-28T06:48:44.363430+00:00,NMRUSDT,Bitget,SHORT,63.9,63.9,63.9,alpha-hunter-v2,0.5917085427135671,0.0,0.0,0.47391933779186984,-0.0036471168063086064,0.0,0.0,10.247071428571427,10.298306785714285,10.093365357142856,0.5031954148778005,2.9999999999999654
Bitget_QNTUSDT_SHORT_2026-09-28T06:40:00+00:00,2026-09-28T06:48:48.191530+00:00,QNTUSDT,Bitget,SHORT,89.2,89.2,89.2,alpha-hunter-v2,0.7103783619510713,1.0,0.0,1.0,-0.03251822935847383,1.0,0.0,289.00928571428574,290.45433214285714,280.33900714285716,0.5154069367519357,6.000000000000118
Bitget_VVVUSDT_SHORT_2026-09-28T06:40:00+00:00,2026-09-28T06:48:55.748582+00:00,VVVUSDT,Bitget,SHORT,71.4,71.4,71.4,alpha-hunter-v2,0.7413793103448271,0.0,0.0,0.7715417579999463,-0.007888414787192169,0.0,0.0,28.274,28.41537,27.849890000000002,0.5029350030239369,3.0000000000000253
Bitget_龙虾USDT_SHORT_2026-09-28T06:40:00+00:00,2026-09-28T06:48:58.701146+00:00,龙虾USDT,Bitget,SHORT,71.8,71.8,71.8,alpha-hunter-v2,0.6182390397423696,0.0,0.0,0.9641878522047554,-0.039271887522923384,0.0,0.0,0.07728944642857144,0.0776758936607143,0.0749707630357143,0.5051201633111895,5.9999999999999645
Bitget_MUBARAKUSDT_LONG_2026-09-28T07:20:00+00:00,2026-09-28T07:27:52.871192+00:00,MUBARAKUSDT,Bitget,LONG,65.9,65.9,65.9,alpha-hunter-v2,0.6065573770491801,0.0,0.0,0.5821105081756169,-0.01741202346041055,0.0,0.0,0.05341196428571429,0.05314490446428572,0.05501432321428572,0.4981529965091794,6.0
Bitget_UAIUSDT_SHORT_2026-09-28T07:20:00+00:00,2026-09-28T07:28:03.156833+00:00,UAIUSDT,Bitget,SHORT,79.1,79.1,79.1,alpha-hunter-v2,0.7070265978562922,0.0,0.0,1.0,-0.015577772611020599,0.0,0.0,0.30582785714285715,0.30735699642857145,0.3012404392857143,0.5001109647155607,2.9999999999999636
Bitget_AKEUSDT_SHORT_2026-09-28T07:35:00+00:00,2026-09-28T07:44:06.092873+00:00,AKEUSDT,Bitget,SHORT,81.9,81.9,81.9,alpha-hunter-v2,0.8427872944233599,0.0,0.0,1.0,-0.02741615776657596,0.0,0.0,0.029685975,0.029834404875,0.02879539575,0.5032766582917181,5.99999999999993
Bitget_FLOCKUSDT_SHORT_2026-09-28T08:05:00+00:00,2026-09-28T08:10:42.619747+00:00,FLOCKUSDT,Bitget,SHORT,89.8,89.8,89.8,alpha-hunter-v2,0.7393103448275861,1.0,0.0,1.0,-0.0004532406707962267,1.0,0.0,0.06636375,0.06669556875,0.06536829375,0.5010853971609848,2.9999999999999583
Bitget_MINAUSDT_SHORT_2026-09-28T08:05:00+00:00,2026-09-28T08:10:49.908223+00:00,MINAUSDT,Bitget,SHORT,81.2,81.2,81.2,alpha-hunter-v2,0.8098159509202449,0.0,0.0,1.0,-0.01237465329635155,0.0,0.0,0.1428998214285714,0.14361432053571427,0.14075632410714284,0.5019312308695872,3.0
Bitget_VVVUSDT_SHORT_2026-09-28T08:05:00+00:00,2026-09-28T08:11:03.258816+00:00,VVVUSDT,Bitget,SHORT,71.4,71.4,71.4,alpha-hunter-v2,0.8130387931034493,0.0,0.0,0.6761385060602625,-0.003174263499536295,0.0,0.0,28.277035714285716,28.418420892857146,27.852880178571432,0.5026671119260117,2.9999999999999747
Bitget_BRUSDT_SHORT_2026-09-28T09:25:00+00:00,2026-09-28T09:30:43.849547+00:00,BRUSDT,Bitget,SHORT,70.1,70.1,70.1,alpha-hunter-v2,0.5702479338842961,0.0,0.0,0.9130776675538349,-0.0007640003056001592,0.0,0.0,0.9215791071428572,0.9261870026785715,0.9077554205357143,0.5025351483443969,3.0
Bitget_ETHUSDT_SHORT_2026-09-28T09:25:00+00:00,2026-09-28T09:30:48.003587+00:00,ETHUSDT,Bitget,SHORT,65.5,65.5,65.5,alpha-hunter-v2,0.6878680800942305,0.0,0.0,0.45220603094114437,-1.8885099278863853e-05,0.0,0.0,2654.6530357142856,2667.926300892857,2614.8332401785715,0.5013243937458025,3.0
Bitget_FLOCKUSDT_SHORT_2026-09-28T09:25:00+00:00,2026-09-28T09:30:48.363650+00:00,FLOCKUSDT,Bitget,SHORT,76.7,76.7,76.7,alpha-hunter-v2,0.5831987075928919,0.0,0.0,1.0,-0.005578169757274164,0.0,0.0,0.06702410714285714,0.06735922767857143,0.06501338392857142,0.5024295887770415,6.0
Bitget_MAGICUSDT_SHORT_2026-09-28T09:25:00+00:00,2026-09-28T09:30:53.340901+00:00,MAGICUSDT,Bitget,SHORT,78.1,78.1,78.1,alpha-hunter-v2,0.6532507739938089,0.0,0.0,1.0,0.00038197097020624876,0.0,0.0,0.052496428571428576,0.05275891071428572,0.05170898214285715,0.5014943501282846,2.9999999999999734
Bitget_METISUSDT_SHORT_2026-09-28T09:25:00+00:00,2026-09-28T09:30:54.442398+00:00,METISUSDT,Bitget,SHORT,76.6,76.6,76.6,alpha-hunter-v2,0.5814814814814815,0.0,0.0,1.0,-0.006783493499152069,0.0,0.0,3.5865535714285715,3.6044863392857143,3.478956964285714,0.5034465990214154,6.000000000000025
Bitget_XLMUSDT_SHORT_2026-09-28T09:25:00+00:00,2026-09-28T09:31:07.859760+00:00,XLMUSDT,Bitget,SHORT,69.5,69.5,69.5,alpha-hunter-v2,0.6350123864574744,0.0,0.0,0.785658127199187,-0.007352239090995826,0.0,0.0,0.21099160714285717,0.21204656517857146,0.2078267330357143,0.49998011171293244,3.0
Bitget_BTWUSDT_LONG_2026-09-28T10:20:00+00:00,2026-09-28T10:27:03.265352+00:00,BTWUSDT,Bitget,LONG,80.5,80.5,80.5,alpha-hunter-v2,0.7756276624671441,0.0,0.0,1.0,-0.13417010545621266,0.0,0.0,1.2059549999999999,1.1999252249999999,1.24213365,0.49892227113258875,6.0
Bitget_ZAMAUSDT_SHORT_2026-09-28T10:20:00+00:00,2026-09-28T10:27:31.258061+00:00,ZAMAUSDT,Bitget,SHORT,71.5,71.5,71.5,alpha-hunter-v2,0.6737588652482258,0.0,0.0,0.8714623866658057,-0.011097256857855385,0.0,0.0,0.08109857142857144,0.0815040642857143,0.0786656142857143,0.5000528513292194,5.999999999999897
Bitget_ARXUSDT_SHORT_2026-09-28T11:00:00+00:00,2026-09-28T11:08:45.081514+00:00,ARXUSDT,Bitget,SHORT,65.2,65.2,65.2,alpha-hunter-v2,0.5525781567194474,0.0,0.0,0.6067731211134654,-0.02824447111263506,0.0,0.0,0.24004607142857143,0.2412463017857143,0.23644538035714285,0.5002835884885446,2.999999999999977
Bitget_BRETTUSDT_SHORT_2026-09-28T11:00:00+00:00,2026-09-28T11:08:48.559458+00:00,BRETTUSDT,Bitget,SHORT,81.5,81.5,81.5,alpha-hunter-v2,0.8246445497630324,0.0,0.0,1.0,-0.00602943784358932,0.0,0.0,0.005674446428571429,0.005702818660714286,0.005589329732142857,0.5001274835687906,2.9999999999999694
Binance_AXSUSDT_SHORT_2026-09-28T12:05:00+00:00,2026-09-28T12:13:14.349695+00:00,AXSUSDT,Binance,SHORT,79.2,79.2,79.2,alpha-hunter-v2,0.709905660377359,0.0,0.0,1.0,-0.014264946392876655,0.0,0.0,1.1163607142857142,1.1219425178571427,1.0996153035714284,0.5000271944305803,3.0
Binance_DASHUSDT_SHORT_2026-09-28T12:05:00+00:00,2026-09-28T12:13:19.432209+00:00,DASHUSDT,Binance,SHORT,81.3,81.3,81.3,alpha-hunter-v2,0.8168168168168168,0.0,0.0,1.0,-0.019832661915091213,0.0,0.0,65.82892857142858,66.15807321428572,64.84149464285714,0.5000678256717483,3.0
Binance_SUSHIUSDT_SHORT_2026-09-28T12:05:00+00:00,2026-09-28T12:13:38.600185+00:00,SUSHIUSDT,Binance,SHORT,76.7,76.7,76.7,alpha-hunter-v2,0.5847457627118656,0.0,0.0,1.0,-0.014218009478672956,0.0,0.0,0.25683214285714284,0.25811630357142856,0.2529796607142857,0.5000625834445952,3.0
Binance_TLMUSDT_SHORT_2026-09-28T12:05:00+00:00,2026-09-28T12:13:39.665403+00:00,TLMUSDT,Binance,SHORT,81.5,81.5,81.5,alpha-hunter-v2,0.825581395348837,0.0,0.0,1.0,-0.012377850162866539,0.0,0.0,0.001554625,0.001562398125,0.001531305625,0.5002010939510885,3.000000000000028
Binance_WIFUSDT_SHORT_2026-09-28T12:05:00+00:00,2026-09-28T12:13:41.909959+00:00,WIFUSDT,Binance,SHORT,78.8,78.8,78.8,alpha-hunter-v2,0.6880000000000006,0.0,0.0,1.0,-0.020443671161374553,0.0,0.0,0.2347142857142857,0.23588785714285715,0.22767285714285715,0.5002435756911511,5.999999999999929
Binance_WLDUSDT_SHORT_2026-09-28T12:05:00+00:00,2026-09-28T12:13:41.958345+00:00,WLDUSDT,Binance,SHORT,79.2,79.2,79.2,alpha-hunter-v2,0.7106109324758841,0.0,0.0,1.0,-0.015523678522303042,0.0,0.0,0.5169125,0.5194970625,0.5091588125,0.5001088428792673,2.999999999999957
Binance_WUSDT_SHORT_2026-09-28T12:05:00+00:00,2026-09-28T12:13:42.465250+00:00,WUSDT,Binance,SHORT,80.2,80.2,80.2,alpha-hunter-v2,0.7596537949400809,0.0,0.0,1.0,-0.017498932991890842,0.0,0.0,0.014305946428571428,0.014377476160714286,0.013876768035714285,0.5000680379114757,5.999999999999976
Binance_XAIUSDT_SHORT_2026-09-28T12:05:00+00:00,2026-09-28T12:13:42.483934+00:00,XAIUSDT,Binance,SHORT,77.3,77.3,77.3,alpha-hunter-v2,0.6162790697674407,0.0,0.0,1.0,-0.015421899096717475,0.0,0.0,0.009218482142857143,0.00926457455357143,0.008941927678571429,0.5000261522487149,5.999999999999887
Binance_XVGUSDT_SHORT_2026-09-28T12:05:00+00:00,2026-09-28T12:13:43.339026+00:00,XVGUSDT,Binance,SHORT,79.4,79.4,79.4,alpha-hunter-v2,0.721590909090909,0.0,0.0,1.0,-0.013479623824451432,0.0,0.0,0.003234375,0.003250546875,0.003185859375,0.500212650788745,2.9999999999999734
Binance_ZENUSDT_SHORT_2026-09-28T12:05:00+00:00,2026-09-28T12:13:43.552733+00:00,ZENUSDT,Binance,SHORT,80.3,80.3,80.3,alpha-hunter-v2,0.7637969094922734,0.0,0.0,1.0,-0.020324629498941444,0.0,0.0,7.229178571428571,7.265324464285714,7.1207408928571425,0.5000123510463854,2.9999999999999756
Binance_LDOUSDT_SHORT_2026-09-28T12:05:00+00:00,2026-09-28T12:13:45.686178+00:00,LDOUSDT,Binance,SHORT,83.6,83.6,83.6,alpha-hunter-v2,0.9315068493150699,0.0,0.0,1.0,-0.018905253901956465,0.0,0.0,0.4636125,0.4659305625,0.4566583125,0.5001213592232999,3.0
Binance_TNSRUSDT_SHORT_2026-09-28T12:05:00+00:00,2026-09-28T12:13:45.686178+00:00,TNSRUSDT,Binance,SHORT,79.9,79.9,79.9,alpha-hunter-v2,0.7452229299363076,0.0,0.0,1.0,-0.011556240369799665,0.0,0.0,0.03940196428571428,0.03959897410714285,0.03881093482142857,0.5001518695825564,3.000000000000035
Bitget_BILLUSDT_SHORT_2026-09-28T12:20:00+00:00,2026-09-28T12:25:56.509476+00:00,BILLUSDT,Bitget,SHORT,65.5,65.5,65.5,alpha-hunter-v2,0.6747967479674803,0.0,0.0,0.4680787348008206,-0.0035492457852706392,0.0,0.0,0.011311607142857142,0.011368165178571428,0.011141933035714285,0.5000710496400146,3.0
Bitget_CFGUSDT_SHORT_2026-09-28T12:20:00+00:00,2026-09-28T12:25:58.216026+00:00,CFGUSDT,Bitget,SHORT,67.8,67.8,67.8,alpha-hunter-v2,0.699591280653951,0.0,0.0,0.584485327821576,-0.01178819891780468,0.0,0.0,0.1571317857142857,0.15791744464285715,0.15477480892857143,0.5001966820980688,2.9999999999999645
Bitget_TLMUSDT_SHORT_2026-09-28T12:20:00+00:00,2026-09-28T12:26:17.812078+00:00,TLMUSDT,Bitget,SHORT,77.9,77.9,77.9,alpha-hunter-v2,0.6470588235294135,0.0,0.0,1.0,-0.007746933505487459,0.0,0.0,0.0015610535714285715,0.0015688588392857143,0.001537637767857143,0.5000171593300939,3.000000000000028
Bitget_ARXUSDT_SHORT_2026-09-28T12:25:00+00:00,2026-09-28T12:32:40.776282+00:00,ARXUSDT,Bitget,SHORT,89.4,89.4,89.4,alpha-hunter-v2,0.9701217263002591,1.0,0.0,1.0,-0.0051659361302441595,1.0,0.0,0.25693392857142855,0.25821859821428567,0.24922591071428568,0.5001828542505516,6.00000000000013
Bitget_PENGUUSDT_SHORT_2026-09-28T12:25:00+00:00,2026-09-28T12:32:59.565776+00:00,PENGUUSDT,Bitget,SHORT,88.4,88.4,88.4,alpha-hunter-v2,0.9182156133828985,1.0,0.0,1.0,-0.0041658199552935754,1.0,0.0,0.009889,0.009938445,0.00959233,0.5003035515531761,5.9999999999999645
Bitget_PUMPUSDT_SHORT_2026-09-28T12:25:00+00:00,2026-09-28T12:33:01.542675+00:00,PUMPUSDT,Bitget,SHORT,80.0,80.0,80.0,alpha-hunter-v2,0.751361161524501,0.0,0.0,1.0,-0.00841981593890731,0.0,0.0,0.005151821428571428,0.005177580535714286,0.0049972667857142855,0.5001768377253842,5.999999999999966
