id,timestamp,symbol,direction,baseline_entry,baseline_stop,baseline_target,anchor_40,entry_buffer,stop_buffer,planned_entry,entry_improvement_pct,planned_stop,planned_target,risk_pct,reward_r,status,fill_timestamp,outcome,outcome_r,outcome_timestamp,reason
Bitget_2026-09-21T10:25:21.090863+00:00_BERAUSDT_SHORT_0.2274,2026-09-21T10:25:21.090863+00:00,BERAUSDT,SHORT,0.2274,0.228095714286,0.2221,0.228,0.000244642857143,0.000440357142857,0.227755357143,0.156270,,,,8.255996,REJECTED_GEOMETRY,,,,,structural target outside 3R-8R feasibility band
Bitget_2026-09-21T10:25:36.015486+00:00_MORPHOUSDT_SHORT_2.797,2026-09-21T10:25:36.015486+00:00,MORPHOUSDT,SHORT,2.797,2.81831,2.7374,2.8331,0.0036375,0.0065475,2.8294625,1.160619,,,,9.039028,REJECTED_GEOMETRY,,,,,structural target outside 3R-8R feasibility band
Bitget_2026-09-21T10:25:44.914675+00:00_UBUSDT_SHORT_0.13943,2026-09-21T10:25:44.914675+00:00,UBUSDT,SHORT,0.13943,0.141636428571,0.13068,0.14156,0.000208035714286,0.000374464285714,0.141351964286,1.378444,,,,18.320969,REJECTED_GEOMETRY,,,,,structural target outside 3R-8R feasibility band
Bitget_2026-09-21T10:46:36.584794+00:00_ARXUSDT_SHORT_0.19941,2026-09-21T10:46:36.584794+00:00,ARXUSDT,SHORT,0.19941,0.201386571429,0.18865,0.20297,0.00021875,0.00039375,0.20275125,1.675568,,,,23.022449,REJECTED_GEOMETRY,,,,,structural target outside 3R-8R feasibility band
Bitget_2026-09-21T10:46:38.587887+00:00_BERAUSDT_SHORT_0.227,2026-09-21T10:46:38.587887+00:00,BERAUSDT,SHORT,0.227,0.229394285714,0.2196,0.2292,0.000242857142857,0.000437142857143,0.228957142857,0.862177,,,,13.760504,REJECTED_GEOMETRY,,,,,structural target outside 3R-8R feasibility band
Bitget_2026-09-21T10:46:39.300361+00:00_BRETTUSDT_SHORT_0.0056,2026-09-21T10:46:39.300361+00:00,BRETTUSDT,SHORT,0.0056,0.005650271429,0.005372,,,,,,,,,,SKIPPED,,,,,fewer than 40 fully closed 5m candles before signal
Bitget_2026-09-21T10:46:40.782004+00:00_CAPUSDT_SHORT_0.04563,2026-09-21T10:46:40.782004+00:00,CAPUSDT,SHORT,0.04563,0.045866,0.04403,0.04602,4.5e-05,8.1e-05,0.045975,0.756082,,,,15.436508,REJECTED_GEOMETRY,,,,,structural target outside 3R-8R feasibility band
Bitget_2026-09-21T10:46:43.541715+00:00_DEEPUSDT_SHORT_0.01922,2026-09-21T10:46:43.541715+00:00,DEEPUSDT,SHORT,0.01922,0.019442,0.01839,0.01974,2.75e-05,4.95e-05,0.0197125,2.562435,,,,17.175325,REJECTED_GEOMETRY,,,,,structural target outside 3R-8R feasibility band
Bitget_2026-09-21T10:46:44.585688+00:00_EGLDUSDT_SHORT_4.219,2026-09-21T10:46:44.585688+00:00,EGLDUSDT,SHORT,4.219,4.2372,4.082,4.264,0.00775,0.01395,4.25625,0.882911,,,,8.029954,REJECTED_GEOMETRY,,,,,structural target outside 3R-8R feasibility band
Bitget_2026-09-21T10:46:47.580454+00:00_GRASSUSDT_SHORT_0.36993,2026-09-21T10:46:47.580454+00:00,GRASSUSDT,SHORT,0.36993,0.371857857143,0.35986,0.37435,0.000309821428571,0.000557678571429,0.374040178571,1.111069,,,,16.346027,REJECTED_GEOMETRY,,,,,structural target outside 3R-8R feasibility band
Bitget_2026-09-21T10:47:00.669314+00:00_SPKUSDT_SHORT_0.02181,2026-09-21T10:47:00.669314+00:00,SPKUSDT,SHORT,0.02181,0.022055,0.02088,0.02227,1.875e-05,3.375e-05,0.02225125,2.023155,,,,26.119048,REJECTED_GEOMETRY,,,,,structural target outside 3R-8R feasibility band
Bitget_2026-09-21T10:47:02.725747+00:00_TRBUSDT_SHORT_19.004,2026-09-21T10:47:02.725747+00:00,TRBUSDT,SHORT,19.004,19.245728571429,17.942,19.223,0.0284107142857,0.0511392857143,19.1945892857,1.002890,,,,15.745937,REJECTED_GEOMETRY,,,,,structural target outside 3R-8R feasibility band
Bitget_2026-09-21T11:47:56.265042+00:00_ASTERUSDT_SHORT_0.7639,2026-09-21T11:47:56.265042+00:00,ASTERUSDT,SHORT,0.7639,0.76598,0.7547,0.7669,0.000503571428571,0.000906428571429,0.766396428571,0.326800,,,,8.295339,REJECTED_GEOMETRY,,,,,structural target outside 3R-8R feasibility band
Bitget_2026-09-21T11:47:57.407820+00:00_AXSUSDT_SHORT_1.066,2026-09-21T11:47:57.407820+00:00,AXSUSDT,SHORT,1.066,1.072557142857,1.042,1.085,0.00133928571429,0.00241071428571,1.08366071429,1.656727,,,,11.109524,REJECTED_GEOMETRY,,,,,structural target outside 3R-8R feasibility band
Bitget_2026-09-21T11:48:01.164719+00:00_CHZUSDT_SHORT_0.01576,2026-09-21T11:48:01.164719+00:00,CHZUSDT,SHORT,0.01576,0.015826142857,0.01553,0.01582,9.82142857143e-06,1.76785714286e-05,0.0158101785714,0.318392,,,,10.188312,REJECTED_GEOMETRY,,,,,structural target outside 3R-8R feasibility band
Bitget_2026-09-21T11:48:02.414880+00:00_CTSIUSDT_SHORT_0.02958,2026-09-21T11:48:02.414880+00:00,CTSIUSDT,SHORT,0.02958,0.029816428571,0.02881,0.03001,2.125e-05,3.825e-05,0.02998875,1.381846,,,,19.810924,REJECTED_GEOMETRY,,,,,structural target outside 3R-8R feasibility band
Bitget_2026-09-21T11:48:06.339181+00:00_FFUSDT_LONG_0.12735,2026-09-21T11:48:06.339181+00:00,FFUSDT,LONG,0.12735,0.126729,0.13031,0.12681,0.000104464285714,0.000188035714286,0.126914464286,0.341999,,,,11.608669,REJECTED_GEOMETRY,,,,,structural target outside 3R-8R feasibility band
Bitget_2026-09-21T11:48:13.271785+00:00_MANTAUSDT_SHORT_0.07146,2026-09-21T11:48:13.271785+00:00,MANTAUSDT,SHORT,0.07146,0.072048428571,0.06905,0.07208,5.01785714286e-05,9.03214285714e-05,0.0720298214286,0.797399,,,,21.208693,REJECTED_GEOMETRY,,,,,structural target outside 3R-8R feasibility band
Bitget_2026-09-21T11:48:21.923724+00:00_STRKUSDT_LONG_0.047062,2026-09-21T11:48:21.923724+00:00,STRKUSDT,LONG,0.047062,0.046816228571,0.048769,0.0468,7.60714285714e-05,0.000136928571429,0.0468760714286,0.395072,,,,8.886989,REJECTED_GEOMETRY,,,,,structural target outside 3R-8R feasibility band
Bitget_2026-09-21T11:48:22.023900+00:00_STXUSDT_SHORT_0.3337,2026-09-21T11:48:22.023900+00:00,STXUSDT,SHORT,0.3337,0.334392857143,0.3306,0.3389,0.000242857142857,0.000437142857143,0.338657142857,1.485509,,,,11.848739,REJECTED_GEOMETRY,,,,,structural target outside 3R-8R feasibility band
Bitget_2026-09-21T11:48:26.207200+00:00_WIFUSDT_SHORT_0.2168,2026-09-21T11:48:26.207200+00:00,WIFUSDT,SHORT,0.2168,0.219072857143,0.2023,0.2188,0.000325,0.000585,0.218475,0.772601,,,,17.774725,REJECTED_GEOMETRY,,,,,structural target outside 3R-8R feasibility band
Bitget_2026-09-21T11:48:26.579882+00:00_XLMUSDT_SHORT_0.21184,2026-09-21T11:48:26.579882+00:00,XLMUSDT,SHORT,0.21184,0.213225428571,0.20653,0.21303,0.000268035714286,0.000482464285714,0.212761964286,0.435217,,,,8.303750,REJECTED_GEOMETRY,,,,,structural target outside 3R-8R feasibility band
Bitget_2026-09-21T12:00:45.261115+00:00_1000BONKUSDT_SHORT_0.00324,2026-09-21T12:00:45.261115+00:00,1000BONKUSDT,SHORT,0.00324,0.003286828571,0.003019,0.003319,3.39285714286e-06,6.10714285714e-06,0.00331560714286,2.333554,,,,31.221805,REJECTED_GEOMETRY,,,,,structural target outside 3R-8R feasibility band
Bitget_2026-09-21T12:00:47.775343+00:00_ARUSDT_LONG_4.74,2026-09-21T12:00:47.775343+00:00,ARUSDT,LONG,4.74,4.685714285714,5.089,4.643,0.00923214285714,0.0166178571429,4.65223214286,1.851643,,,,16.896242,REJECTED_GEOMETRY,,,,,structural target outside 3R-8R feasibility band
Bitget_2026-09-21T12:00:49.107677+00:00_AXSUSDT_SHORT_1.062,2026-09-21T12:00:49.107677+00:00,AXSUSDT,SHORT,1.062,1.072528571429,1.016,1.085,0.000785714285714,0.00141428571429,1.08421428571,2.091741,,,,31.006494,REJECTED_GEOMETRY,,,,,structural target outside 3R-8R feasibility band
Bitget_2026-09-21T12:00:49.520168+00:00_BBUSDT_SHORT_0.00886,2026-09-21T12:00:49.520168+00:00,BBUSDT,SHORT,0.00886,0.008905857143,0.00855,0.00894,7.85714285714e-06,1.41428571429e-05,0.00893214285714,0.814253,,,,17.370130,REJECTED_GEOMETRY,,,,,structural target outside 3R-8R feasibility band
Bitget_2026-09-21T12:00:53.511667+00:00_CHZUSDT_SHORT_0.01572,2026-09-21T12:00:53.511667+00:00,CHZUSDT,SHORT,0.01572,0.015826428571,0.01508,0.01582,9.28571428571e-06,1.67142857143e-05,0.0158107142857,0.577063,,,,28.104396,REJECTED_GEOMETRY,,,,,structural target outside 3R-8R feasibility band
Bitget_2026-09-21T12:00:56.084914+00:00_EDGEUSDT_SHORT_0.6083,2026-09-21T12:00:56.084914+00:00,EDGEUSDT,SHORT,0.6083,0.61496,0.5709,0.6146,0.00113035714286,0.00203464285714,0.613469642857,0.849851,,,,13.450124,REJECTED_GEOMETRY,,,,,structural target outside 3R-8R feasibility band
Bitget_2026-09-21T12:00:58.008527+00:00_FARTCOINUSDT_SHORT_0.1812,2026-09-21T12:00:58.008527+00:00,FARTCOINUSDT,SHORT,0.1812,0.183295714286,0.1696,0.1839,0.000267857142857,0.000482142857143,0.183632142857,1.342242,,,,18.709524,REJECTED_GEOMETRY,,,,,structural target outside 3R-8R feasibility band
Bitget_2026-09-21T12:00:59.106872+00:00_GALAUSDT_SHORT_0.002031,2026-09-21T12:00:59.106872+00:00,GALAUSDT,SHORT,0.002031,0.002045971429,0.00196,0.002051,1.26785714286e-06,2.28214285714e-06,0.00204973214286,0.922311,,,,25.276660,REJECTED_GEOMETRY,,,,,structural target outside 3R-8R feasibility band
Bitget_2026-09-21T12:01:03.452446+00:00_KITEUSDT_SHORT_0.12018,2026-09-21T12:01:03.452446+00:00,KITEUSDT,SHORT,0.12018,0.120948,0.1156,0.1209,5.98214285714e-05,0.000107678571429,0.120840178571,0.549325,,,,31.284648,REJECTED_GEOMETRY,,,,,structural target outside 3R-8R feasibility band
Bitget_2026-09-21T12:01:03.991657+00:00_LINKUSDT_SHORT_13.035,2026-09-21T12:01:03.991657+00:00,LINKUSDT,SHORT,13.035,13.140128571429,12.469,13.132,0.0110714285714,0.0199285714286,13.1209285714,0.659214,,,,21.029954,REJECTED_GEOMETRY,,,,,structural target outside 3R-8R feasibility band
Bitget_2026-09-21T12:01:08.485774+00:00_ONGUSDT_SHORT_0.08829,2026-09-21T12:01:08.485774+00:00,ONGUSDT,SHORT,0.08829,0.089212714286,0.08509,0.08925,7.82142857143e-05,0.000140785714286,0.0891717857143,0.998738,,,,18.638291,REJECTED_GEOMETRY,,,,,structural target outside 3R-8R feasibility band
Bitget_2026-09-21T12:01:12.671251+00:00_RUNEUSDT_SHORT_0.598,2026-09-21T12:01:12.671251+00:00,RUNEUSDT,SHORT,0.598,0.60265,0.5705,0.6023,0.000423214285714,0.000761785714286,0.601876785714,0.648292,,,,26.478300,REJECTED_GEOMETRY,,,,,structural target outside 3R-8R feasibility band
Bitget_2026-09-21T12:01:14.603464+00:00_STXUSDT_SHORT_0.332,2026-09-21T12:01:14.603464+00:00,STXUSDT,SHORT,0.332,0.334405714286,0.3179,0.3389,0.000239285714286,0.000430714285714,0.338660714286,2.006239,,,,30.986141,REJECTED_GEOMETRY,,,,,structural target outside 3R-8R feasibility band
Bitget_2026-09-21T12:01:16.787660+00:00_TUTUSDT_SHORT_0.02207,2026-09-21T12:01:16.787660+00:00,TUTUSDT,SHORT,0.02207,0.022341142857,0.02131,0.02232,2.89285714286e-05,5.20714285714e-05,0.0222910714286,1.001683,,,,12.111993,REJECTED_GEOMETRY,,,,,structural target outside 3R-8R feasibility band
Bitget_2026-09-21T12:01:18.093554+00:00_VELVETUSDT_SHORT_0.06208,2026-09-21T12:01:18.093554+00:00,VELVETUSDT,SHORT,0.06208,0.062704285714,0.05821,0.06264,8.25e-05,0.0001485,0.0625575,0.769169,,,,18.820346,REJECTED_GEOMETRY,,,,,structural target outside 3R-8R feasibility band
Bitget_2026-09-21T12:01:19.339769+00:00_XLMUSDT_SHORT_0.21046,2026-09-21T12:01:19.339769+00:00,XLMUSDT,SHORT,0.21046,0.213232857143,0.19709,0.21303,0.00026625,0.00047925,0.21276375,1.094626,,,,21.024480,REJECTED_GEOMETRY,,,,,structural target outside 3R-8R feasibility band
Bitget_2026-09-21T12:07:47.953218+00:00_EDGEUSDT_SHORT_0.604,2026-09-21T12:07:47.953218+00:00,EDGEUSDT,SHORT,0.604,0.61488,0.5449,0.6146,0.00102321428571,0.00184178571429,0.613576785714,1.585561,,,,23.970955,REJECTED_GEOMETRY,,,,,structural target outside 3R-8R feasibility band
Bitget_2026-09-21T12:08:09.618709+00:00_VELVETUSDT_SHORT_0.06185,2026-09-21T12:08:09.618709+00:00,VELVETUSDT,SHORT,0.06185,0.062700714286,0.05821,0.06264,8.25e-05,0.0001485,0.0625575,1.143897,,,,18.820346,REJECTED_GEOMETRY,,,,,structural target outside 3R-8R feasibility band
Bitget_2026-09-21T13:31:45.487299+00:00_EIGENUSDT_SHORT_0.2488,2026-09-21T13:31:45.487299+00:00,EIGENUSDT,SHORT,0.2488,0.25192,0.2333,0.2517,0.000275,0.000495,0.251425,1.055064,,,,23.538961,REJECTED_GEOMETRY,,,,,structural target outside 3R-8R feasibility band
Bitget_2026-09-21T13:31:52.042107+00:00_KAITOUSDT_SHORT_0.349,2026-09-21T13:31:52.042107+00:00,KAITOUSDT,SHORT,0.349,0.352918571429,0.3293,0.3525,0.000523214285714,0.000941785714286,0.351976785714,0.852947,,,,15.479035,REJECTED_GEOMETRY,,,,,structural target outside 3R-8R feasibility band
Bitget_2026-09-21T13:50:29.856612+00:00_PUMPUSDT_LONG_0.004382,2026-09-21T13:50:29.856612+00:00,PUMPUSDT,LONG,0.004382,0.004355542857,0.004475,0.004349,5.57142857143e-06,1.00285714286e-05,0.00435457142857,0.625937,0.00433897142857,0.004475,0.358244,7.719780,AMBIGUOUS_FILL,2026-09-21T14:05:00+00:00,AMBIGUOUS,,2026-09-21T14:05:00+00:00,fill candle also touched stop or target; intrabar order is unknowable
Bitget_2026-09-21T14:58:23.969297+00:00_GPSUSDT_LONG_0.010993,2026-09-21T14:58:23.969297+00:00,GPSUSDT,LONG,0.010993,0.010920871429,0.011162,0.010926,6.67857142857e-06,1.20214285714e-05,0.0109326785714,0.548726,,,,12.263178,REJECTED_GEOMETRY,,,,,structural target outside 3R-8R feasibility band
Bitget_2026-09-21T14:58:27.643093+00:00_KERNELUSDT_LONG_0.04755,2026-09-21T14:58:27.643093+00:00,KERNELUSDT,LONG,0.04755,0.046907142857,0.05019,0.04693,4.92857142857e-05,8.87142857143e-05,0.0469792857143,1.200240,,,,23.266046,REJECTED_GEOMETRY,,,,,structural target outside 3R-8R feasibility band
Bitget_2026-09-21T14:58:29.717343+00:00_METISUSDT_LONG_3.575,2026-09-21T14:58:29.717343+00:00,METISUSDT,LONG,3.575,3.525271428571,3.728,3.525,0.00580357142857,0.0104464285714,3.53080357143,1.236264,,,,12.135165,REJECTED_GEOMETRY,,,,,structural target outside 3R-8R feasibility band
Bitget_2026-09-21T17:22:03.542876+00:00_AKTUSDT_LONG_0.6321,2026-09-21T17:22:03.542876+00:00,AKTUSDT,LONG,0.6321,0.630031428571,0.6442,0.6312,0.00113214285714,0.00203785714286,0.632332142857,-0.036726,0.629162142857,0.6442,0.501319,3.743804,AMBIGUOUS_FILL,2026-09-21T18:00:00+00:00,AMBIGUOUS,,2026-09-21T18:00:00+00:00,fill candle also touched stop or target; intrabar order is unknowable
Bitget_2026-09-21T17:46:36.891485+00:00_BBUSDT_LONG_0.0089,2026-09-21T17:46:36.891485+00:00,BBUSDT,LONG,0.0089,0.008771714286,0.00933,0.00889,1.25e-05,2.25e-05,0.0089025,-0.028090,,,,,REJECTED_GEOMETRY,,,,,40-candle long entry is not below current price
Bitget_2026-09-21T18:49:40.331193+00:00_BEATUSDT_LONG_0.0875,2026-09-21T18:49:40.331193+00:00,BEATUSDT,LONG,0.0875,0.086941428571,0.089,0.0865,6.25e-05,0.0001125,0.0865625,1.071429,,,,13.928571,REJECTED_GEOMETRY,,,,,structural target outside 3R-8R feasibility band
Bitget_2026-09-21T18:49:40.948064+00:00_BLESSUSDT_LONG_0.00938,2026-09-21T18:49:40.948064+00:00,BLESSUSDT,LONG,0.00938,0.009314028571,0.009634,0.00932,8.23214285714e-06,1.48178571429e-05,0.00932823214286,0.551896,,,,13.265417,REJECTED_GEOMETRY,,,,,structural target outside 3R-8R feasibility band
Bitget_2026-09-21T18:50:03.248463+00:00_SUIUSDT_LONG_1.0092,2026-09-21T18:50:03.248463+00:00,SUIUSDT,LONG,1.0092,0.998644285714,1.0507,0.9998,0.0014125,0.0025425,1.0012125,0.791468,,,,12.512642,REJECTED_GEOMETRY,,,,,structural target outside 3R-8R feasibility band
Bitget_2026-09-21T18:50:03.598762+00:00_SUSHIUSDT_LONG_0.2553,2026-09-21T18:50:03.598762+00:00,SUSHIUSDT,LONG,0.2553,0.25343,0.2624,0.2536,0.000205357142857,0.000369642857143,0.253805357143,0.585446,,,,14.947205,REJECTED_GEOMETRY,,,,,structural target outside 3R-8R feasibility band
Bitget_2026-09-21T18:50:08.987487+00:00_牛来USDT_LONG_0.10509,2026-09-21T18:50:08.987487+00:00,牛来USDT,LONG,0.10509,0.103581,0.11414,0.1037,0.000235,0.000423,0.103935,1.099058,,,,15.509119,REJECTED_GEOMETRY,,,,,structural target outside 3R-8R feasibility band
Bitget_2026-09-21T22:21:51.826440+00:00_1000000MOGUSDT_LONG_0.1194,2026-09-21T22:21:51.826440+00:00,1000000MOGUSDT,LONG,0.1194,0.118241428571,0.1241,,,,,,,,,,SKIPPED,,,,,fewer than 40 fully closed 5m candles before signal
Bitget_2026-09-22T00:43:52.081715+00:00_FLOCKUSDT_LONG_0.07373,2026-09-22T00:43:52.081715+00:00,FLOCKUSDT,LONG,0.07373,0.073098714286,0.07642,0.07047,8.875e-05,0.00015975,0.07055875,4.301166,,,,23.586519,REJECTED_GEOMETRY,,,,,structural target outside 3R-8R feasibility band
Bitget_2026-09-22T02:16:00.627928+00:00_APTUSDT_LONG_0.7687,2026-09-22T02:16:00.627928+00:00,APTUSDT,LONG,0.7687,0.767594285714,0.7807,0.7533,0.00170357142857,0.00306642857143,0.755003571429,1.781765,0.750233571429,0.7807,0.631785,5.387092,UNFILLED,,,,,
Bitget_2026-09-22T02:45:12.999982+00:00_METUSDT_LONG_0.2795,2026-09-22T02:45:12.999982+00:00,METUSDT,LONG,0.2795,0.276844285714,0.2907,0.2729,0.000283928571429,0.000511071428571,0.273183928571,2.259775,,,,22.032794,REJECTED_GEOMETRY,,,,,structural target outside 3R-8R feasibility band
Bitget_2026-09-22T03:22:58.486657+00:00_BTCUSDT_LONG_85469.6,2026-09-22T03:22:58.486657+00:00,BTCUSDT,LONG,85469.6,85381.06142857143,85784.9,85340.4,38.5232142857,69.3417857143,85378.9232143,0.106092,85271.0582143,85784.9,0.126337,3.763749,RESOLVED,2026-09-22T03:30:00+00:00,FAIL,-1.0,2026-09-22T05:20:00+00:00,
Bitget_2026-09-22T03:23:19.557037+00:00_RUNEUSDT_LONG_0.6351,2026-09-22T03:23:19.557037+00:00,RUNEUSDT,LONG,0.6351,0.632085714286,0.6463,0.6295,0.000566071428571,0.00101892857143,0.630066071429,0.792620,,,,10.242226,REJECTED_GEOMETRY,,,,,structural target outside 3R-8R feasibility band
Bitget_2026-09-22T04:40:17.382709+00:00_ALCHUSDT_LONG_0.05092,2026-09-22T04:40:17.382709+00:00,ALCHUSDT,LONG,0.05092,0.050087571429,0.05601,0.05071,0.000108928571429,0.000196071428571,0.0508189285714,0.198491,,,,17.019906,REJECTED_GEOMETRY,,,,,structural target outside 3R-8R feasibility band
Bitget_2026-09-22T04:40:32.566175+00:00_KASUSDT_LONG_0.04329,2026-09-22T04:40:32.566175+00:00,KASUSDT,LONG,0.04329,0.042930571429,0.04463,0.04256,6.66071428571e-05,0.000119892857143,0.0426266071429,1.532439,,,,10.742053,REJECTED_GEOMETRY,,,,,structural target outside 3R-8R feasibility band
Bitget_2026-09-22T05:41:53.319773+00:00_FETUSDT_LONG_0.1997,2026-09-22T05:41:53.319773+00:00,FETUSDT,LONG,0.1997,0.197048571429,0.2066,0.197,0.000439285714286,0.000790714285714,0.197439285714,1.132055,0.196209285714,0.2066,0.622976,7.447735,UNFILLED,,,,,
Bitget_2026-09-22T05:42:02.128241+00:00_ONGUSDT_LONG_0.09071,2026-09-22T05:42:02.128241+00:00,ONGUSDT,LONG,0.09071,0.089818428571,0.09315,0.08989,0.00014625,0.00026325,0.09003625,0.742752,0.08962675,0.09315,0.454817,7.603785,UNFILLED,,,,,
Bitget_2026-09-22T07:30:34.367957+00:00_DOGEUSDT_LONG_0.09913,2026-09-22T07:30:34.367957+00:00,DOGEUSDT,LONG,0.09913,0.098679571429,0.10135,0.09772,0.00012,0.000216,0.09784,1.301321,,,,10.446429,REJECTED_GEOMETRY,,,,,structural target outside 3R-8R feasibility band
Bitget_2026-09-22T07:46:08.378950+00:00_METUSDT_LONG_0.2725,2026-09-22T07:46:08.378950+00:00,METUSDT,LONG,0.2725,0.270375714286,0.2859,0.2699,0.000192857142857,0.000347142857143,0.270092857143,0.883355,,,,29.272487,REJECTED_GEOMETRY,,,,,structural target outside 3R-8R feasibility band
Bitget_2026-09-22T12:56:46.185974+00:00_COOKIEUSDT_LONG_0.01287,2026-09-22T12:56:46.185974+00:00,COOKIEUSDT,LONG,0.01287,0.012695,0.01381,0.01245,6.75e-05,0.0001215,0.0125175,2.738928,0.0123285,0.01381,1.509886,6.838624,RESOLVED,2026-09-22T13:30:00+00:00,FAIL,-1.0,2026-09-22T14:35:00+00:00,
Bitget_2026-09-22T12:57:03.914860+00:00_SONICUSDT_LONG_0.02631,2026-09-22T12:57:03.914860+00:00,SONICUSDT,LONG,0.02631,0.026040285714,0.02754,0.02603,6.41071428571e-05,0.000115392857143,0.0260941071429,0.820573,,,,8.055113,REJECTED_GEOMETRY,,,,,structural target outside 3R-8R feasibility band
Bitget_2026-09-22T13:36:39.747485+00:00_CYSUSDT_LONG_0.16676,2026-09-22T13:36:39.747485+00:00,CYSUSDT,LONG,0.16676,0.164087142857,0.17679,0.16158,0.000554642857143,0.000998357142857,0.162134642857,2.773661,,,,9.436804,REJECTED_GEOMETRY,,,,,structural target outside 3R-8R feasibility band
Bitget_2026-09-22T16:07:51.621583+00:00_PHAUSDT_SHORT_0.04613,2026-09-22T16:07:51.621583+00:00,PHAUSDT,SHORT,0.04613,0.046530428571,0.04446,0.04696,9.28571428571e-05,0.000167142857143,0.0468671428571,1.597968,,,,9.258242,REJECTED_GEOMETRY,,,,,structural target outside 3R-8R feasibility band
Bitget_2026-09-22T18:50:57.041382+00:00_SOPHUSDT_SHORT_0.003828,2026-09-22T18:50:57.041382+00:00,SOPHUSDT,SHORT,0.003828,0.003849557143,0.003761,0.003863,3.98214285714e-06,7.16785714286e-06,0.00385901785714,0.810289,,,,8.790839,REJECTED_GEOMETRY,,,,,structural target outside 3R-8R feasibility band
Bitget_2026-09-23T02:34:52.014017+00:00_SXTUSDT_LONG_0.009845,2026-09-23T02:34:52.014017+00:00,SXTUSDT,LONG,0.009845,0.009716157143,0.010209,0.009088,8.55357142857e-06,1.53964285714e-05,0.00909655357143,7.602300,,,,46.448703,REJECTED_GEOMETRY,,,,,structural target outside 3R-8R feasibility band
Bitget_2026-09-23T02:58:12.848599+00:00_DASHUSDT_LONG_63.66,2026-09-23T02:58:12.848599+00:00,DASHUSDT,LONG,63.66,62.988,65.24,59.77,0.0775,0.1395,59.8475,5.988847,,,,24.850230,REJECTED_GEOMETRY,,,,,structural target outside 3R-8R feasibility band
Bitget_2026-09-23T03:35:15.664832+00:00_BEATUSDT_LONG_0.0912,2026-09-23T03:35:15.664832+00:00,BEATUSDT,LONG,0.0912,0.090955714286,0.0927,0.0904,5.53571428571e-05,9.96428571429e-05,0.0904553571429,0.816494,,,,14.481567,REJECTED_GEOMETRY,,,,,structural target outside 3R-8R feasibility band
Bitget_2026-09-23T03:35:19.671162+00:00_CLANKERUSDT_LONG_14.81,2026-09-23T03:35:19.671162+00:00,CLANKERUSDT,LONG,14.81,14.682285714286,15.21,14.68,0.00964285714286,0.0173571428571,14.6896428571,0.812675,,,,19.272487,REJECTED_GEOMETRY,,,,,structural target outside 3R-8R feasibility band
Bitget_2026-09-23T03:35:43.142392+00:00_WALUSDT_LONG_0.03512,2026-09-23T03:35:43.142392+00:00,WALUSDT,LONG,0.03512,0.034872428571,0.03596,0.03489,2.19642857143e-05,3.95357142857e-05,0.0349119642857,0.592357,,,,17.041231,REJECTED_GEOMETRY,,,,,structural target outside 3R-8R feasibility band
Bitget_2026-09-23T06:03:05.640087+00:00_KITEUSDT_LONG_0.13756,2026-09-23T06:03:05.640087+00:00,KITEUSDT,LONG,0.13756,0.137293428571,0.13973,0.13556,0.000153214285714,0.000275785714286,0.135713214286,1.342531,,,,9.363137,REJECTED_GEOMETRY,,,,,structural target outside 3R-8R feasibility band
Bitget_2026-09-23T07:43:03.352856+00:00_LABUSDT_LONG_0.0611,2026-09-23T07:43:03.352856+00:00,LABUSDT,LONG,0.0611,0.060865714286,0.0626,0.0603,4.28571428571e-05,7.71428571429e-05,0.0603428571429,1.239186,,,,18.809524,REJECTED_GEOMETRY,,,,,structural target outside 3R-8R feasibility band
Bitget_2026-09-23T08:15:35.709475+00:00_BSVUSDT_LONG_22.34,2026-09-23T08:15:35.709475+00:00,BSVUSDT,LONG,22.34,22.235,22.93,22.08,0.03125,0.05625,22.11125,1.023948,,,,9.357143,REJECTED_GEOMETRY,,,,,structural target outside 3R-8R feasibility band
Bitget_2026-09-23T08:15:53.342915+00:00_SAHARAUSDT_LONG_0.009992,2026-09-23T08:15:53.342915+00:00,SAHARAUSDT,LONG,0.009992,0.009881828571,0.010245,0.009891,1.14642857143e-05,2.06357142857e-05,0.00990246428571,0.896074,,,,10.670895,REJECTED_GEOMETRY,,,,,structural target outside 3R-8R feasibility band
Bitget_2026-09-23T09:16:53.622058+00:00_ARBUSDT_LONG_0.2406,2026-09-23T09:16:53.622058+00:00,ARBUSDT,LONG,0.2406,0.237184285714,0.2519,0.2375,0.000383928571429,0.000691071428571,0.237883928571,1.128874,,,,13.038206,REJECTED_GEOMETRY,,,,,structural target outside 3R-8R feasibility band
Bitget_2026-09-23T09:17:02.414362+00:00_ENSUSDT_LONG_7.121,2026-09-23T09:17:02.414362+00:00,ENSUSDT,LONG,7.121,7.031042857143,7.333,7.038,0.00898214285714,0.0161678571429,7.04698214286,1.039431,,,,11.372479,REJECTED_GEOMETRY,,,,,structural target outside 3R-8R feasibility band
Bitget_2026-09-23T09:59:55.527818+00:00_BUSDT_LONG_0.2289,2026-09-23T09:59:55.527818+00:00,BUSDT,LONG,0.2289,0.227562857143,0.2362,0.2252,0.000171428571429,0.000308571428571,0.225371428571,1.541534,,,,22.559524,REJECTED_GEOMETRY,,,,,structural target outside 3R-8R feasibility band
Bitget_2026-09-23T10:00:08.962627+00:00_NILUSDT_LONG_0.09554,2026-09-23T10:00:08.962627+00:00,NILUSDT,LONG,0.09554,0.094933857143,0.09885,0.09485,0.000447678571429,0.000805821428571,0.0952976785714,0.253633,,,,2.833922,REJECTED_GEOMETRY,,,,,structural target outside 3R-8R feasibility band
Bitget_2026-09-23T10:33:22.935897+00:00_AAVEUSDT_LONG_148.07,2026-09-23T10:33:22.935897+00:00,AAVEUSDT,LONG,148.07,147.606285714286,151.45,147.6,0.154642857143,0.278357142857,147.754642857,0.212978,,,,8.534312,REJECTED_GEOMETRY,,,,,structural target outside 3R-8R feasibility band
Bitget_2026-09-23T10:33:45.510856+00:00_NILUSDT_LONG_0.09552,2026-09-23T10:33:45.510856+00:00,NILUSDT,LONG,0.09552,0.093998857143,0.10282,0.09431,0.000388928571429,0.000700071428571,0.0946989285714,0.859581,0.0936099285714,0.10282,1.149960,7.457366,UNFILLED,,,,,
Bitget_2026-09-23T12:31:00.744230+00:00_ATHUSDT_LONG_0.006025,2026-09-23T12:31:00.744230+00:00,ATHUSDT,LONG,0.006025,0.005945971429,0.006367,0.005916,8.78571428571e-06,1.58142857143e-05,0.00592478571429,1.663308,,,,17.976190,REJECTED_GEOMETRY,,,,,structural target outside 3R-8R feasibility band
Bitget_2026-09-23T14:04:33.701565+00:00_0GUSDT_LONG_0.2583,2026-09-23T14:04:33.701565+00:00,0GUSDT,LONG,0.2583,0.25719,0.2666,0.2559,0.0003875,0.0006975,0.2562875,0.779133,,,,9.504608,REJECTED_GEOMETRY,,,,,structural target outside 3R-8R feasibility band
Bitget_2026-09-23T17:31:53.963477+00:00_FOLKSUSDT_SHORT_2.298,2026-09-23T17:31:53.963477+00:00,FOLKSUSDT,SHORT,2.298,2.318468571429,2.2102,2.3979,0.0033,0.00594,2.3946,4.203655,,,,19.956710,REJECTED_GEOMETRY,,,,,structural target outside 3R-8R feasibility band
Bitget_2026-09-23T19:43:08.682516+00:00_APRUSDT_LONG_0.14728,2026-09-23T19:43:08.682516+00:00,APRUSDT,LONG,0.14728,0.145995,0.15373,0.14608,0.000129642857143,0.000233357142857,0.146209642857,0.726750,,,,20.717237,REJECTED_GEOMETRY,,,,,structural target outside 3R-8R feasibility band
Bitget_2026-09-23T19:43:15.493301+00:00_CYSUSDT_SHORT_0.16688,2026-09-23T19:43:15.493301+00:00,CYSUSDT,SHORT,0.16688,0.167570714286,0.16282,0.16808,0.000118214285714,0.000212785714286,0.167961785714,0.648242,,,,15.534096,REJECTED_GEOMETRY,,,,,structural target outside 3R-8R feasibility band
Bitget_2026-09-24T03:53:19.302275+00:00_GRVTUSDT_LONG_0.1939,2026-09-24T03:53:19.302275+00:00,GRVTUSDT,LONG,0.1939,0.193171571429,0.1954,0.1912,0.000374285714286,0.000673714285714,0.191574285714,1.199440,0.190526285714,0.1954,0.547046,3.650491,UNFILLED,,,,,
Bitget_2026-09-24T05:03:18.519044+00:00_CAPUSDT_LONG_0.04993,2026-09-24T05:03:18.519044+00:00,CAPUSDT,LONG,0.04993,0.049422285714,0.05285,0.04877,8.46428571429e-05,0.000152357142857,0.0488546428571,2.153730,,,,16.858047,REJECTED_GEOMETRY,,,,,structural target outside 3R-8R feasibility band
Bitget_2026-09-24T07:04:41.837621+00:00_CHILLGUYUSDT_SHORT_0.01294,2026-09-24T07:04:41.837621+00:00,CHILLGUYUSDT,SHORT,0.01294,0.012983285714,0.01269,0.01304,3.21428571429e-06,1.0352e-05,0.0130367857143,0.747958,,,,25.562318,REJECTED_GEOMETRY,,,,,structural target outside 3R-8R feasibility band
Bitget_2026-09-24T07:04:48.095986+00:00_GRAMUSDT_SHORT_1.4268,2026-09-24T07:04:48.095986+00:00,GRAMUSDT,SHORT,1.4268,1.433591428571,1.406,1.4331,0.000596428571429,0.00114144,1.43250357143,0.399746,,,,15.250619,REJECTED_GEOMETRY,,,,,structural target outside 3R-8R feasibility band
Bitget_2026-09-24T07:04:50.116254+00:00_IOSTUSDT_SHORT_0.0009067,2026-09-24T07:04:50.116254+00:00,IOSTUSDT,SHORT,0.0009067,0.000912551429,0.0008756,0.0009128,7.10714285714e-07,1.27928571429e-06,0.000912089285714,0.594385,,,,18.336324,REJECTED_GEOMETRY,,,,,structural target outside 3R-8R feasibility band
Bitget_2026-09-24T07:04:58.372487+00:00_PNUTUSDT_SHORT_0.05418,2026-09-24T07:04:58.372487+00:00,PNUTUSDT,SHORT,0.05418,0.054564428571,0.05242,0.05463,2.94642857143e-05,5.30357142857e-05,0.0546005357143,0.776183,,,,26.430736,REJECTED_GEOMETRY,,,,,structural target outside 3R-8R feasibility band
Bitget_2026-09-24T07:05:00.012386+00:00_REZUSDT_SHORT_0.003835,2026-09-24T07:05:00.012386+00:00,REZUSDT,SHORT,0.003835,0.0038622,0.003676,0.003866,2.98214285714e-06,5.36785714286e-06,0.00386301785714,0.730583,,,,22.397348,REJECTED_GEOMETRY,,,,,structural target outside 3R-8R feasibility band
Bitget_2026-09-24T07:05:00.383429+00:00_SANDUSDT_SHORT_0.04054,2026-09-24T07:05:00.383429+00:00,SANDUSDT,SHORT,0.04054,0.040743857143,0.03985,0.04105,1.80357142857e-05,3.24642857143e-05,0.0410319642857,1.213528,,,,23.405233,REJECTED_GEOMETRY,,,,,structural target outside 3R-8R feasibility band
Bitget_2026-09-24T07:05:02.080427+00:00_SPKUSDT_SHORT_0.02041,2026-09-24T07:05:02.080427+00:00,SPKUSDT,SHORT,0.02041,0.020526571429,0.02008,0.02064,7.67857142857e-06,1.6328e-05,0.0206323214286,1.089277,,,,23.007093,REJECTED_GEOMETRY,,,,,structural target outside 3R-8R feasibility band
Bitget_2026-09-24T07:05:03.559654+00:00_SUSHIUSDT_SHORT_0.2521,2026-09-24T07:05:03.559654+00:00,SUSHIUSDT,SHORT,0.2521,0.253265714286,0.2455,0.2552,9.64285714286e-05,0.00020168,0.255103571429,1.191421,,,,32.215013,REJECTED_GEOMETRY,,,,,structural target outside 3R-8R feasibility band
Bitget_2026-09-24T07:05:08.433699+00:00_ZKUSDT_SHORT_0.01161,2026-09-24T07:05:08.433699+00:00,ZKUSDT,SHORT,0.01161,0.011632571429,0.01148,0.01168,2.85714285714e-06,9.288e-06,0.0116771428571,0.578319,,,,16.232239,REJECTED_GEOMETRY,,,,,structural target outside 3R-8R feasibility band
Bitget_2026-09-24T10:59:19.018963+00:00_BEATUSDT_LONG_0.09049,2026-09-24T10:59:19.018963+00:00,BEATUSDT,LONG,0.09049,0.089512428571,0.0936,0.08935,0.000109464285714,0.000197035714286,0.0894594642857,1.138839,,,,13.509089,REJECTED_GEOMETRY,,,,,structural target outside 3R-8R feasibility band
Bitget_2026-09-24T10:59:21.583374+00:00_CELRUSDT_LONG_0.003044,2026-09-24T10:59:21.583374+00:00,CELRUSDT,LONG,0.003044,0.002985657143,0.003359,0.002954,5.42857142857e-06,9.77142857143e-06,0.00295942857143,2.778299,,,,26.287594,REJECTED_GEOMETRY,,,,,structural target outside 3R-8R feasibility band
Bitget_2026-09-24T10:59:48.791010+00:00_ZESTUSDT_LONG_0.18285,2026-09-24T10:59:48.791010+00:00,ZESTUSDT,LONG,0.18285,0.181795714286,0.18781,0.1819,0.000167857142857,0.000302142857143,0.182067857143,0.427751,,,,12.217325,REJECTED_GEOMETRY,,,,,structural target outside 3R-8R feasibility band
Bitget_2026-09-24T12:30:50.786697+00:00_BLESSUSDT_LONG_0.00966,2026-09-24T12:30:50.786697+00:00,BLESSUSDT,LONG,0.00966,0.009555285714,0.010156,0.009462,1.2625e-05,2.2725e-05,0.009474625,1.918996,,,,19.275106,REJECTED_GEOMETRY,,,,,structural target outside 3R-8R feasibility band
Bitget_2026-09-24T12:30:50.961747+00:00_BSVUSDT_SHORT_21.47,2026-09-24T12:30:50.961747+00:00,BSVUSDT,SHORT,21.47,21.512428571429,21.24,21.51,0.0167857142857,0.0302142857143,21.4932142857,0.108124,21.5402142857,21.24,0.218674,5.387538,RESOLVED,2026-09-24T12:45:00+00:00,FAIL,-1.0,2026-09-24T12:50:00+00:00,
Bitget_2026-09-24T16:07:02.653213+00:00_牛来USDT_SHORT_0.10385,2026-09-24T16:07:02.653213+00:00,牛来USDT,SHORT,0.10385,0.105876571429,0.09964,0.10685,0.000195714285714,0.000352285714286,0.106654285714,2.700323,,,,12.799791,REJECTED_GEOMETRY,,,,,structural target outside 3R-8R feasibility band
Bitget_2026-09-25T07:41:09.272022+00:00_龙虾USDT_SHORT_0.132940771429,2026-09-25T07:41:09.272022+00:00,龙虾USDT,SHORT,0.132940771429,0.133643457143,0.130078,0.133175,0.000636357142857,0.00114544285714,0.132538642857,-0.302487,,,,1.380987,REJECTED_GEOMETRY,,,,,structural target outside 3R-8R feasibility band
Bitget_2026-09-25T17:06:31.088982+00:00_FOLKSUSDT_SHORT_2.353534285714,2026-09-25T17:06:31.088982+00:00,FOLKSUSDT,SHORT,2.353534285714,2.357031428571,2.3367,2.3547,0.0022625,0.0040725,2.3524375,-0.046602,,,,2.484215,REJECTED_GEOMETRY,,,,,structural target outside 3R-8R feasibility band
Bitget_2026-09-26T03:39:09.507166+00:00_DYMUSDT_LONG_0.020307642857,2026-09-26T03:39:09.507166+00:00,DYMUSDT,LONG,0.020307642857,0.020284714286,0.02041,0.02006,2.76785714286e-05,4.98214285714e-05,0.0200876785714,1.083160,0.0200101785714,0.02041,0.385809,4.158986,UNFILLED,,,,,
Bitget_2026-09-26T04:54:09.295007+00:00_XPLUSDT_LONG_0.109576,2026-09-26T04:54:09.295007+00:00,XPLUSDT,LONG,0.109576,0.109378,0.11053,0.10951,0.000165,0.000297,0.109675,-0.090348,,,,1.850649,REJECTED_GEOMETRY,,,,,structural target outside 3R-8R feasibility band
Bitget_2026-09-26T05:08:00.188107+00:00_VTHOUSDT_LONG_0.000793563571,2026-09-26T05:08:00.188107+00:00,VTHOUSDT,LONG,0.000793563571,0.000792472857,0.0007978,0.0007932,9.08928571429e-07,1.63607142857e-06,0.000794108928571,-0.068723,,,,1.450323,REJECTED_GEOMETRY,,,,,structural target outside 3R-8R feasibility band
Bitget_BABYUSDT_LONG_2026-09-26T14:30:00+00:00,2026-09-26T14:36:50.217553+00:00,BABYUSDT,LONG,0.013775785714,0.013758428571,0.01384,0.01377,1.44642857143e-05,2.60357142857e-05,0.0137844642857,-0.062999,,,,1.371252,REJECTED_GEOMETRY,,,,,structural target outside 3R-8R feasibility band
Bitget_OPGUSDT_LONG_2026-09-26T16:30:00+00:00,2026-09-26T16:37:57.372340+00:00,OPGUSDT,LONG,0.139751428571,0.139597142857,0.1406,0.1397,0.000123214285714,0.000221785714286,0.139823214286,-0.051367,,,,2.251553,REJECTED_GEOMETRY,,,,,structural target outside 3R-8R feasibility band
Bitget_PENGUUSDT_LONG_2026-09-26T18:00:00+00:00,2026-09-26T18:06:27.951614+00:00,PENGUUSDT,LONG,0.010084578571,0.010073842857,0.010134,0.010081,8.94642857143e-06,1.61035714286e-05,0.0100899464286,-0.053228,,,,1.758626,REJECTED_GEOMETRY,,,,,structural target outside 3R-8R feasibility band
Bitget_DOGSUSDT_LONG_2026-09-27T04:25:00+00:00,2026-09-27T04:33:11.313878+00:00,DOGSUSDT,LONG,5.1044571e-05,5.0934e-05,5.135e-05,5.102e-05,9.10714285714e-08,1.63928571429e-07,5.11110714286e-05,-0.130279,,,,0.936975,REJECTED_GEOMETRY,,,,,structural target outside 3R-8R feasibility band
