timestamp,symbol,provider,stage,direction,confidence,alignment,risk_pct,v2_score,location_15m,exhaustion_15m,base_15m,structure_shift_5m,reversal_trigger_5m,early_reversal_score,reason
2026-09-27T07:16:24.527303+00:00,USUSDT,Bitget,NO_DIRECTION,,,,,89.3,,,,,,,early reversal direction returned None
2026-09-27T07:16:24.527303+00:00,METISUSDT,Bitget,NO_DIRECTION,,,,,88.1,,,,,,,early reversal direction returned None
2026-09-27T07:16:24.527303+00:00,CHRUSDT,Bitget,NO_DIRECTION,,,,,82.4,,,,,,,early reversal direction returned None
2026-09-27T07:16:24.527303+00:00,INITUSDT,Bitget,NO_DIRECTION,,,,,81.3,,,,,,,early reversal direction returned None
2026-09-27T07:16:24.527303+00:00,PYTHUSDT,Bitget,NO_DIRECTION,,,,,80.7,,,,,,,early reversal direction returned None
2026-09-27T07:16:24.527303+00:00,FOLKSUSDT,Bitget,NO_DIRECTION,,,,,80.4,,,,,,,early reversal direction returned None
2026-09-27T07:16:24.527303+00:00,SIGNUSDT,Bitget,NO_DIRECTION,,,,,80.3,,,,,,,early reversal direction returned None
2026-09-27T07:16:24.527303+00:00,RECALLUSDT,Bitget,NO_DIRECTION,,,,,80.0,,,,,,,early reversal direction returned None
2026-09-27T07:16:24.527303+00:00,PROSUSDT,Bitget,NO_DIRECTION,,,,,79.6,,,,,,,early reversal direction returned None
2026-09-27T07:16:24.527303+00:00,NEARUSDT,Bitget,REVERSAL_FAILED,SHORT,81.2,0.0,,0.0,1.0,,,,,,countertrend early reversal requires stronger confirmation
2026-09-27T07:16:24.527303+00:00,PENDLEUSDT,Bitget,NO_DIRECTION,,,,,77.3,,,,,,,early reversal direction returned None
2026-09-27T07:16:24.527303+00:00,OPNUSDT,Bitget,NO_DIRECTION,,,,,76.9,,,,,,,early reversal direction returned None
2026-09-27T07:16:24.527303+00:00,POLUSDT,Bitget,NO_DIRECTION,,,,,74.8,,,,,,,early reversal direction returned None
2026-09-27T07:16:24.527303+00:00,RAYUSDT,Bitget,NO_DIRECTION,,,,,72.9,,,,,,,early reversal direction returned None
2026-09-27T07:16:24.527303+00:00,WUSDT,Bitget,NO_DIRECTION,,,,,72.4,,,,,,,early reversal direction returned None
2026-09-27T07:16:24.527303+00:00,XANUSDT,Bitget,NO_DIRECTION,,,,,67.2,,,,,,,early reversal direction returned None
2026-09-27T07:16:24.527303+00:00,ONEUSDT,Bitget,NO_DIRECTION,,,,,65.8,,,,,,,early reversal direction returned None
2026-09-27T07:16:24.527303+00:00,SIRENUSDT,Bitget,NO_DIRECTION,,,,,62.9,,,,,,,early reversal direction returned None
2026-09-27T07:16:24.527303+00:00,MAGMAUSDT,Bitget,NO_DIRECTION,,,,,62.8,,,,,,,early reversal direction returned None
2026-09-27T07:16:24.527303+00:00,BRETTUSDT,Bitget,NO_DIRECTION,,,,,61.7,,,,,,,early reversal direction returned None
2026-09-27T07:16:24.527303+00:00,龙虾USDT,Bitget,NO_DIRECTION,,,,,59.2,,,,,,,early reversal direction returned None
2026-09-27T07:16:24.527303+00:00,SUPERUSDT,Bitget,NO_DIRECTION,,,,,58.7,,,,,,,early reversal direction returned None
2026-09-27T07:16:24.527303+00:00,COTIUSDT,Bitget,NO_DIRECTION,,,,,58.4,,,,,,,early reversal direction returned None
2026-09-27T07:16:24.527303+00:00,ZROUSDT,Bitget,NO_DIRECTION,,,,,56.8,,,,,,,early reversal direction returned None
2026-09-27T07:16:24.527303+00:00,SOONUSDT,Bitget,NO_DIRECTION,,,,,56.0,,,,,,,early reversal direction returned None
2026-09-27T07:16:24.527303+00:00,哈基米USDT,Bitget,NO_DIRECTION,,,,,55.8,,,,,,,early reversal direction returned None
2026-09-27T07:16:24.527303+00:00,QUSDT,Bitget,REVERSAL_FAILED,SHORT,68.8,0.0,,0.0,1.0,,,,,,countertrend early reversal requires stronger confirmation
2026-09-27T07:16:24.527303+00:00,VVVUSDT,Bitget,NO_DIRECTION,,,,,52.7,,,,,,,early reversal direction returned None
2026-09-27T07:16:24.527303+00:00,BIGTIMEUSDT,Bitget,NO_DIRECTION,,,,,52.1,,,,,,,early reversal direction returned None
2026-09-27T07:16:24.527303+00:00,STABLEUSDT,Bitget,NO_DIRECTION,,,,,50.4,,,,,,,early reversal direction returned None
2026-09-27T07:16:24.527303+00:00,ZKUSDT,Bitget,NO_DIRECTION,,,,,49.8,,,,,,,early reversal direction returned None
2026-09-27T07:16:24.527303+00:00,BCHUSDT,Bitget,NO_DIRECTION,,,,,48.2,,,,,,,early reversal direction returned None
2026-09-27T07:16:24.527303+00:00,QNTUSDT,Bitget,NO_DIRECTION,,,,,48.0,,,,,,,early reversal direction returned None
2026-09-27T07:16:24.527303+00:00,CPUSDT,Bitget,NO_DIRECTION,,,,,47.5,,,,,,,early reversal direction returned None
2026-09-27T07:16:24.527303+00:00,PONSUSDT,Bitget,NO_DIRECTION,,,,,46.5,,,,,,,early reversal direction returned None
2026-09-27T07:16:24.527303+00:00,STGUSDT,Bitget,NO_DIRECTION,,,,,46.2,,,,,,,early reversal direction returned None
2026-09-27T07:16:24.527303+00:00,ARXUSDT,Bitget,NO_DIRECTION,,,,,45.9,,,,,,,early reversal direction returned None
2026-09-27T07:16:24.527303+00:00,ZETAUSDT,Bitget,NO_DIRECTION,,,,,45.7,,,,,,,early reversal direction returned None
2026-09-27T07:16:24.527303+00:00,STXUSDT,Bitget,NO_DIRECTION,,,,,45.4,,,,,,,early reversal direction returned None
2026-09-27T07:16:24.527303+00:00,SUIUSDT,Bitget,NO_DIRECTION,,,,,45.3,,,,,,,early reversal direction returned None
2026-09-27T07:16:24.527303+00:00,BNBUSDT,Bitget,NO_DIRECTION,,,,,45.0,,,,,,,early reversal direction returned None
2026-09-27T07:16:24.527303+00:00,ACEUSDT,Bitget,NO_DIRECTION,,,,,43.1,,,,,,,early reversal direction returned None
2026-09-27T07:16:24.527303+00:00,APRUSDT,Bitget,NO_DIRECTION,,,,,42.9,,,,,,,early reversal direction returned None
2026-09-27T07:16:24.527303+00:00,LYNUSDT,Bitget,NO_DIRECTION,,,,,41.7,,,,,,,early reversal direction returned None
2026-09-27T07:16:24.527303+00:00,PHAUSDT,Bitget,NO_DIRECTION,,,,,41.6,,,,,,,early reversal direction returned None
2026-09-27T07:16:24.527303+00:00,XVGUSDT,Bitget,NO_DIRECTION,,,,,41.4,,,,,,,early reversal direction returned None
2026-09-27T07:16:24.527303+00:00,BILLUSDT,Bitget,NO_DIRECTION,,,,,41.1,,,,,,,early reversal direction returned None
2026-09-27T07:16:24.527303+00:00,KASUSDT,Bitget,NO_DIRECTION,,,,,40.5,,,,,,,early reversal direction returned None
2026-09-27T07:16:24.527303+00:00,WAXPUSDT,Bitget,NO_DIRECTION,,,,,39.9,,,,,,,early reversal direction returned None
2026-09-27T07:16:24.527303+00:00,AEROUSDT,Bitget,NO_DIRECTION,,,,,39.6,,,,,,,early reversal direction returned None
2026-09-27T07:16:24.527303+00:00,DEEPUSDT,Bitget,NO_DIRECTION,,,,,39.2,,,,,,,early reversal direction returned None
2026-09-27T07:16:24.527303+00:00,GRVTUSDT,Bitget,NO_DIRECTION,,,,,37.9,,,,,,,early reversal direction returned None
2026-09-27T07:16:24.527303+00:00,PRLUSDT,Bitget,NO_DIRECTION,,,,,37.7,,,,,,,early reversal direction returned None
2026-09-27T07:16:24.527303+00:00,ZECUSDT,Bitget,NO_DIRECTION,,,,,37.0,,,,,,,early reversal direction returned None
2026-09-27T07:16:24.527303+00:00,CVCUSDT,Bitget,NO_DIRECTION,,,,,36.4,,,,,,,early reversal direction returned None
2026-09-27T07:16:24.527303+00:00,SKRUSDT,Bitget,NO_DIRECTION,,,,,36.2,,,,,,,early reversal direction returned None
2026-09-27T07:16:24.527303+00:00,XTZUSDT,Bitget,NO_DIRECTION,,,,,35.3,,,,,,,early reversal direction returned None
2026-09-27T07:16:24.527303+00:00,KITEUSDT,Bitget,NO_DIRECTION,,,,,35.2,,,,,,,early reversal direction returned None
2026-09-27T07:16:24.527303+00:00,ETHUSDT,Bitget,NO_DIRECTION,,,,,34.5,,,,,,,early reversal direction returned None
2026-09-27T07:16:24.527303+00:00,BEATUSDT,Bitget,NO_DIRECTION,,,,,33.2,,,,,,,early reversal direction returned None
2026-09-27T07:16:24.527303+00:00,MAVUSDT,Bitget,NO_DIRECTION,,,,,33.2,,,,,,,early reversal direction returned None
2026-09-27T07:16:24.527303+00:00,MOVRUSDT,Bitget,NO_DIRECTION,,,,,32.6,,,,,,,early reversal direction returned None
2026-09-27T07:16:24.527303+00:00,BTCUSDT,Bitget,NO_DIRECTION,,,,,32.4,,,,,,,early reversal direction returned None
2026-09-27T07:16:24.527303+00:00,TRXUSDT,Bitget,NO_DIRECTION,,,,,32.3,,,,,,,early reversal direction returned None
2026-09-27T07:16:24.527303+00:00,UNIUSDT,Bitget,NO_DIRECTION,,,,,31.9,,,,,,,early reversal direction returned None
2026-09-27T07:16:24.527303+00:00,JTOUSDT,Bitget,NO_DIRECTION,,,,,31.5,,,,,,,early reversal direction returned None
2026-09-27T07:16:24.527303+00:00,MEGAUSDT,Bitget,NO_DIRECTION,,,,,31.5,,,,,,,early reversal direction returned None
2026-09-27T07:16:24.527303+00:00,AAVEUSDT,Bitget,NO_DIRECTION,,,,,30.1,,,,,,,early reversal direction returned None
2026-09-27T07:16:24.527303+00:00,OPGUSDT,Bitget,NO_DIRECTION,,,,,30.1,,,,,,,early reversal direction returned None
2026-09-27T07:16:24.527303+00:00,GRAMUSDT,Bitget,NO_DIRECTION,,,,,29.6,,,,,,,early reversal direction returned None
2026-09-27T07:16:24.527303+00:00,BOMEUSDT,Bitget,NO_DIRECTION,,,,,29.1,,,,,,,early reversal direction returned None
2026-09-27T07:16:24.527303+00:00,RENDERUSDT,Bitget,NO_DIRECTION,,,,,28.9,,,,,,,early reversal direction returned None
2026-09-27T07:16:24.527303+00:00,TAIKOUSDT,Bitget,NO_DIRECTION,,,,,28.7,,,,,,,early reversal direction returned None
2026-09-27T07:16:24.527303+00:00,BGBUSDT,Bitget,NO_DIRECTION,,,,,27.7,,,,,,,early reversal direction returned None
2026-09-27T07:16:24.527303+00:00,AVAXUSDT,Bitget,NO_DIRECTION,,,,,27.4,,,,,,,early reversal direction returned None
2026-09-27T07:16:24.527303+00:00,DASHUSDT,Bitget,NO_DIRECTION,,,,,27.4,,,,,,,early reversal direction returned None
2026-09-27T07:16:24.527303+00:00,TRUSTUSDT,Bitget,NO_DIRECTION,,,,,27.1,,,,,,,early reversal direction returned None
2026-09-27T07:16:24.527303+00:00,GWEIUSDT,Bitget,NO_DIRECTION,,,,,27.0,,,,,,,early reversal direction returned None
2026-09-27T07:16:24.527303+00:00,RUNEUSDT,Bitget,NO_DIRECTION,,,,,26.8,,,,,,,early reversal direction returned None
2026-09-27T07:16:24.527303+00:00,RIOUSDT,Bitget,NO_DIRECTION,,,,,26.6,,,,,,,early reversal direction returned None
2026-09-27T07:16:24.527303+00:00,CROSSUSDT,Bitget,NO_DIRECTION,,,,,26.4,,,,,,,early reversal direction returned None
2026-09-27T07:16:24.527303+00:00,VELODROMEUSDT,Bitget,NO_DIRECTION,,,,,26.3,,,,,,,early reversal direction returned None
2026-09-27T07:16:24.527303+00:00,AWEUSDT,Bitget,NO_DIRECTION,,,,,26.2,,,,,,,early reversal direction returned None
2026-09-27T07:16:24.527303+00:00,INJUSDT,Bitget,NO_DIRECTION,,,,,26.1,,,,,,,early reversal direction returned None
2026-09-27T07:16:24.527303+00:00,ZAMAUSDT,Bitget,NO_DIRECTION,,,,,25.8,,,,,,,early reversal direction returned None
2026-09-27T07:16:24.527303+00:00,BROCCOLIUSDT,Bitget,NO_DIRECTION,,,,,25.4,,,,,,,early reversal direction returned None
2026-09-27T07:16:24.527303+00:00,PROMUSDT,Bitget,NO_DIRECTION,,,,,25.2,,,,,,,early reversal direction returned None
2026-09-27T07:16:24.527303+00:00,AIOUSDT,Bitget,NO_DIRECTION,,,,,25.1,,,,,,,early reversal direction returned None
2026-09-27T07:16:24.527303+00:00,XPLUSDT,Bitget,NO_DIRECTION,,,,,24.8,,,,,,,early reversal direction returned None
2026-09-27T07:16:24.527303+00:00,TNSRUSDT,Bitget,NO_DIRECTION,,,,,24.7,,,,,,,early reversal direction returned None
2026-09-27T07:16:24.527303+00:00,XRPUSDT,Bitget,NO_DIRECTION,,,,,22.9,,,,,,,early reversal direction returned None
2026-09-27T07:16:24.527303+00:00,MARSCOINUSDT,Bitget,NO_DIRECTION,,,,,22.5,,,,,,,early reversal direction returned None
2026-09-27T07:16:24.527303+00:00,UAIUSDT,Bitget,NO_DIRECTION,,,,,22.1,,,,,,,early reversal direction returned None
2026-09-27T07:16:24.527303+00:00,VELVETUSDT,Bitget,NO_DIRECTION,,,,,22.0,,,,,,,early reversal direction returned None
2026-09-27T07:16:24.527303+00:00,HYPEUSDT,Bitget,NO_DIRECTION,,,,,21.8,,,,,,,early reversal direction returned None
2026-09-27T07:16:24.527303+00:00,STEEMUSDT,Bitget,NO_DIRECTION,,,,,21.6,,,,,,,early reversal direction returned None
2026-09-27T07:16:24.527303+00:00,INUSDT,Bitget,NO_DIRECTION,,,,,21.2,,,,,,,early reversal direction returned None
2026-09-27T07:16:24.527303+00:00,CHZUSDT,Bitget,NO_DIRECTION,,,,,21.1,,,,,,,early reversal direction returned None
2026-09-27T07:16:24.527303+00:00,LINKUSDT,Bitget,NO_DIRECTION,,,,,21.1,,,,,,,early reversal direction returned None
2026-09-27T07:16:24.527303+00:00,WLDUSDT,Bitget,NO_DIRECTION,,,,,20.9,,,,,,,early reversal direction returned None
2026-09-27T07:16:24.527303+00:00,LSKUSDT,Bitget,NO_DIRECTION,,,,,20.4,,,,,,,early reversal direction returned None
2026-09-27T07:16:24.527303+00:00,SPKUSDT,Bitget,NO_DIRECTION,,,,,20.4,,,,,,,early reversal direction returned None
2026-09-27T07:16:24.527303+00:00,KMNOUSDT,Bitget,NO_DIRECTION,,,,,19.9,,,,,,,early reversal direction returned None
2026-09-27T07:16:24.527303+00:00,ONDOUSDT,Bitget,NO_DIRECTION,,,,,19.9,,,,,,,early reversal direction returned None
2026-09-27T07:16:24.527303+00:00,LAUSDT,Bitget,NO_DIRECTION,,,,,19.6,,,,,,,early reversal direction returned None
2026-09-27T07:16:24.527303+00:00,SLXUSDT,Bitget,NO_DIRECTION,,,,,19.5,,,,,,,early reversal direction returned None
2026-09-27T07:16:24.527303+00:00,CFGUSDT,Bitget,NO_DIRECTION,,,,,19.3,,,,,,,early reversal direction returned None
2026-09-27T07:16:24.527303+00:00,BTWUSDT,Bitget,NO_DIRECTION,,,,,19.0,,,,,,,early reversal direction returned None
2026-09-27T07:16:24.527303+00:00,ALICEUSDT,Bitget,NO_DIRECTION,,,,,18.8,,,,,,,early reversal direction returned None
2026-09-27T07:16:24.527303+00:00,AVNTUSDT,Bitget,NO_DIRECTION,,,,,18.7,,,,,,,early reversal direction returned None
2026-09-27T07:16:24.527303+00:00,SENTUSDT,Bitget,NO_DIRECTION,,,,,18.7,,,,,,,early reversal direction returned None
2026-09-27T07:16:24.527303+00:00,KAITOUSDT,Bitget,NO_DIRECTION,,,,,18.6,,,,,,,early reversal direction returned None
2026-09-27T07:16:24.527303+00:00,METUSDT,Bitget,NO_DIRECTION,,,,,18.6,,,,,,,early reversal direction returned None
2026-09-27T07:16:24.527303+00:00,ARBUSDT,Bitget,NO_DIRECTION,,,,,18.1,,,,,,,early reversal direction returned None
2026-09-27T07:16:24.527303+00:00,SEIUSDT,Bitget,NO_DIRECTION,,,,,18.1,,,,,,,early reversal direction returned None
2026-09-27T07:16:24.527303+00:00,THETAUSDT,Bitget,NO_DIRECTION,,,,,17.9,,,,,,,early reversal direction returned None
2026-09-27T07:16:24.527303+00:00,HUSDT,Bitget,NO_DIRECTION,,,,,17.5,,,,,,,early reversal direction returned None
2026-09-27T07:16:24.527303+00:00,BIOUSDT,Bitget,NO_DIRECTION,,,,,17.3,,,,,,,early reversal direction returned None
2026-09-27T07:16:24.527303+00:00,BRUSDT,Bitget,NO_DIRECTION,,,,,17.2,,,,,,,early reversal direction returned None
2026-09-27T07:16:24.527303+00:00,LPTUSDT,Bitget,NO_DIRECTION,,,,,17.2,,,,,,,early reversal direction returned None
2026-09-27T07:16:24.527303+00:00,COWUSDT,Bitget,NO_DIRECTION,,,,,17.1,,,,,,,early reversal direction returned None
2026-09-27T07:16:24.527303+00:00,PIUSDT,Bitget,NO_DIRECTION,,,,,16.9,,,,,,,early reversal direction returned None
2026-09-27T07:16:24.527303+00:00,牛来USDT,Bitget,NO_DIRECTION,,,,,16.8,,,,,,,early reversal direction returned None
2026-09-27T07:16:24.527303+00:00,PLUMEUSDT,Bitget,NO_DIRECTION,,,,,16.7,,,,,,,early reversal direction returned None
2026-09-27T07:16:24.527303+00:00,VTHOUSDT,Bitget,NO_DIRECTION,,,,,16.7,,,,,,,early reversal direction returned None
2026-09-27T07:16:24.527303+00:00,ALGOUSDT,Bitget,NO_DIRECTION,,,,,16.6,,,,,,,early reversal direction returned None
2026-09-27T07:16:24.527303+00:00,MUBARAKUSDT,Bitget,NO_DIRECTION,,,,,16.5,,,,,,,early reversal direction returned None
2026-09-27T07:16:24.527303+00:00,JASMYUSDT,Bitget,NO_DIRECTION,,,,,16.3,,,,,,,early reversal direction returned None
2026-09-27T07:16:24.527303+00:00,RAREUSDT,Bitget,NO_DIRECTION,,,,,16.3,,,,,,,early reversal direction returned None
2026-09-27T07:16:24.527303+00:00,SKYUSDT,Bitget,NO_DIRECTION,,,,,16.3,,,,,,,early reversal direction returned None
2026-09-27T07:16:24.527303+00:00,1000SATSUSDT,Bitget,NO_DIRECTION,,,,,16.0,,,,,,,early reversal direction returned None
2026-09-27T07:16:24.527303+00:00,BABYUSDT,Bitget,NO_DIRECTION,,,,,15.9,,,,,,,early reversal direction returned None
2026-09-27T07:16:24.527303+00:00,SANDUSDT,Bitget,NO_DIRECTION,,,,,15.9,,,,,,,early reversal direction returned None
2026-09-27T07:16:24.527303+00:00,WIFUSDT,Bitget,NO_DIRECTION,,,,,15.8,,,,,,,early reversal direction returned None
2026-09-27T07:16:24.527303+00:00,VETUSDT,Bitget,NO_DIRECTION,,,,,15.7,,,,,,,early reversal direction returned None
2026-09-27T07:16:24.527303+00:00,FOGOUSDT,Bitget,NO_DIRECTION,,,,,15.6,,,,,,,early reversal direction returned None
2026-09-27T07:16:24.527303+00:00,RESOLVUSDT,Bitget,NO_DIRECTION,,,,,15.5,,,,,,,early reversal direction returned None
2026-09-27T07:16:24.527303+00:00,MINAUSDT,Bitget,NO_DIRECTION,,,,,15.1,,,,,,,early reversal direction returned None
2026-09-27T07:16:24.527303+00:00,XLMUSDT,Bitget,NO_DIRECTION,,,,,15.1,,,,,,,early reversal direction returned None
2026-09-27T07:16:24.527303+00:00,XMRUSDT,Bitget,NO_DIRECTION,,,,,15.0,,,,,,,early reversal direction returned None
2026-09-27T07:16:24.527303+00:00,SPELLUSDT,Bitget,NO_DIRECTION,,,,,14.8,,,,,,,early reversal direction returned None
2026-09-27T07:16:24.527303+00:00,TIAUSDT,Bitget,NO_DIRECTION,,,,,14.5,,,,,,,early reversal direction returned None
2026-09-27T07:16:24.527303+00:00,TRBUSDT,Bitget,NO_DIRECTION,,,,,14.5,,,,,,,early reversal direction returned None
2026-09-27T07:16:24.527303+00:00,SHIBUSDT,Bitget,NO_DIRECTION,,,,,14.4,,,,,,,early reversal direction returned None
2026-09-27T07:16:24.527303+00:00,FETUSDT,Bitget,NO_DIRECTION,,,,,14.3,,,,,,,early reversal direction returned None
2026-09-27T07:16:24.527303+00:00,REUSDT,Bitget,NO_DIRECTION,,,,,14.3,,,,,,,early reversal direction returned None
2026-09-27T07:16:24.527303+00:00,UBUSDT,Bitget,NO_DIRECTION,,,,,14.1,,,,,,,early reversal direction returned None
2026-09-27T07:16:24.527303+00:00,EIGENUSDT,Bitget,NO_DIRECTION,,,,,13.9,,,,,,,early reversal direction returned None
2026-09-27T07:16:24.527303+00:00,IOSTUSDT,Bitget,NO_DIRECTION,,,,,13.7,,,,,,,early reversal direction returned None
2026-09-27T07:16:24.527303+00:00,SUSDT,Bitget,NO_DIRECTION,,,,,13.6,,,,,,,early reversal direction returned None
2026-09-27T07:16:24.527303+00:00,WALUSDT,Bitget,NO_DIRECTION,,,,,13.5,,,,,,,early reversal direction returned None
2026-09-27T07:16:24.527303+00:00,ESPUSDT,Bitget,NO_DIRECTION,,,,,13.4,,,,,,,early reversal direction returned None
2026-09-27T07:16:24.527303+00:00,TRUMPUSDT,Bitget,NO_DIRECTION,,,,,13.4,,,,,,,early reversal direction returned None
2026-09-27T07:16:24.527303+00:00,BASEDUSDT,Bitget,NO_DIRECTION,,,,,13.3,,,,,,,early reversal direction returned None
2026-09-27T07:16:24.527303+00:00,CRVUSDT,Bitget,NO_DIRECTION,,,,,13.3,,,,,,,early reversal direction returned None
2026-09-27T07:16:24.527303+00:00,ARUSDT,Bitget,NO_DIRECTION,,,,,13.2,,,,,,,early reversal direction returned None
2026-09-27T07:16:24.527303+00:00,SYNUSDT,Bitget,NO_DIRECTION,,,,,13.2,,,,,,,early reversal direction returned None
2026-09-27T07:16:24.527303+00:00,ICPUSDT,Bitget,NO_DIRECTION,,,,,13.1,,,,,,,early reversal direction returned None
2026-09-27T07:16:24.527303+00:00,IOUSDT,Bitget,NO_DIRECTION,,,,,13.1,,,,,,,early reversal direction returned None
2026-09-27T07:16:24.527303+00:00,GRIFFAINUSDT,Bitget,NO_DIRECTION,,,,,12.8,,,,,,,early reversal direction returned None
2026-09-27T07:16:24.527303+00:00,STRKUSDT,Bitget,NO_DIRECTION,,,,,12.8,,,,,,,early reversal direction returned None
2026-09-27T07:16:24.527303+00:00,DOGEUSDT,Bitget,NO_DIRECTION,,,,,12.7,,,,,,,early reversal direction returned None
2026-09-27T07:16:24.527303+00:00,ARKMUSDT,Bitget,NO_DIRECTION,,,,,12.6,,,,,,,early reversal direction returned None
2026-09-27T07:16:24.527303+00:00,NILUSDT,Bitget,NO_DIRECTION,,,,,12.6,,,,,,,early reversal direction returned None
2026-09-27T07:16:24.527303+00:00,AKTUSDT,Bitget,NO_DIRECTION,,,,,12.5,,,,,,,early reversal direction returned None
2026-09-27T07:16:24.527303+00:00,1000BONKUSDT,Bitget,NO_DIRECTION,,,,,12.4,,,,,,,early reversal direction returned None
2026-09-27T07:16:24.527303+00:00,FARTCOINUSDT,Bitget,NO_DIRECTION,,,,,12.3,,,,,,,early reversal direction returned None
2026-09-27T07:16:24.527303+00:00,HUMAUSDT,Bitget,NO_DIRECTION,,,,,12.3,,,,,,,early reversal direction returned None
2026-09-27T07:16:24.527303+00:00,CCUSDT,Bitget,NO_DIRECTION,,,,,12.2,,,,,,,early reversal direction returned None
2026-09-27T07:16:24.527303+00:00,RIVERUSDT,Bitget,NO_DIRECTION,,,,,12.2,,,,,,,early reversal direction returned None
2026-09-27T07:16:24.527303+00:00,USELESSUSDT,Bitget,NO_DIRECTION,,,,,12.0,,,,,,,early reversal direction returned None
2026-09-27T07:16:24.527303+00:00,ALLOUSDT,Bitget,NO_DIRECTION,,,,,11.9,,,,,,,early reversal direction returned None
2026-09-27T07:16:24.527303+00:00,ENAUSDT,Bitget,REVERSAL_FAILED,SHORT,85.0,0.0,,0.0,1.0,,,,,,countertrend early reversal requires stronger confirmation
2026-09-27T07:16:24.527303+00:00,BBUSDT,Bitget,NO_DIRECTION,,,,,11.8,,,,,,,early reversal direction returned None
2026-09-27T07:16:24.527303+00:00,CLANKERUSDT,Bitget,NO_DIRECTION,,,,,11.8,,,,,,,early reversal direction returned None
2026-09-27T07:16:24.527303+00:00,0GUSDT,Bitget,NO_DIRECTION,,,,,11.7,,,,,,,early reversal direction returned None
2026-09-27T07:16:24.527303+00:00,2ZUSDT,Bitget,NO_DIRECTION,,,,,11.6,,,,,,,early reversal direction returned None
2026-09-27T07:16:24.527303+00:00,SOLUSDT,Bitget,REVERSAL_FAILED,SHORT,72.5,0.0,,0.0,1.0,,,,,,countertrend early reversal requires stronger confirmation
2026-09-27T07:16:24.527303+00:00,TUSDT,Bitget,NO_DIRECTION,,,,,11.5,,,,,,,early reversal direction returned None
2026-09-27T07:16:24.527303+00:00,XAIUSDT,Bitget,NO_DIRECTION,,,,,11.3,,,,,,,early reversal direction returned None
2026-09-27T07:16:24.527303+00:00,ATOMUSDT,Bitget,NO_DIRECTION,,,,,11.2,,,,,,,early reversal direction returned None
2026-09-27T07:16:24.527303+00:00,TLMUSDT,Bitget,NO_DIRECTION,,,,,11.2,,,,,,,early reversal direction returned None
2026-09-27T07:16:24.527303+00:00,ASTERUSDT,Bitget,NO_DIRECTION,,,,,11.0,,,,,,,early reversal direction returned None
2026-09-27T07:16:24.527303+00:00,GALAUSDT,Bitget,NO_DIRECTION,,,,,10.8,,,,,,,early reversal direction returned None
2026-09-27T07:16:24.527303+00:00,LUMIAUSDT,Bitget,NO_DIRECTION,,,,,10.8,,,,,,,early reversal direction returned None
2026-09-27T07:16:24.527303+00:00,PENGUUSDT,Bitget,NO_DIRECTION,,,,,10.8,,,,,,,early reversal direction returned None
2026-09-27T07:16:24.527303+00:00,ARKUSDT,Bitget,NO_DIRECTION,,,,,10.7,,,,,,,early reversal direction returned None
2026-09-27T07:16:24.527303+00:00,BERAUSDT,Bitget,NO_DIRECTION,,,,,10.7,,,,,,,early reversal direction returned None
2026-09-27T07:16:24.527303+00:00,BLESSUSDT,Bitget,NO_DIRECTION,,,,,10.6,,,,,,,early reversal direction returned None
2026-09-27T07:16:24.527303+00:00,ORDIUSDT,Bitget,NO_DIRECTION,,,,,10.5,,,,,,,early reversal direction returned None
2026-09-27T07:16:24.527303+00:00,IOTAUSDT,Bitget,NO_DIRECTION,,,,,10.4,,,,,,,early reversal direction returned None
2026-09-27T07:16:24.527303+00:00,IDUSDT,Bitget,NO_DIRECTION,,,,,10.3,,,,,,,early reversal direction returned None
2026-09-27T07:16:24.527303+00:00,C98USDT,Bitget,NO_DIRECTION,,,,,10.2,,,,,,,early reversal direction returned None
2026-09-27T07:16:24.527303+00:00,ETHWUSDT,Bitget,NO_DIRECTION,,,,,10.2,,,,,,,early reversal direction returned None
2026-09-27T07:16:24.527303+00:00,ACHUSDT,Bitget,NO_DIRECTION,,,,,10.0,,,,,,,early reversal direction returned None
2026-09-27T07:16:24.527303+00:00,ADAUSDT,Bitget,NO_DIRECTION,,,,,10.0,,,,,,,early reversal direction returned None
2026-09-27T07:16:24.527303+00:00,1000RATSUSDT,Bitget,NO_DIRECTION,,,,,10.0,,,,,,,early reversal direction returned None
2026-09-27T07:16:24.527303+00:00,APTUSDT,Bitget,NO_DIRECTION,,,,,10.0,,,,,,,early reversal direction returned None
2026-09-27T07:16:24.527303+00:00,AXSUSDT,Bitget,NO_DIRECTION,,,,,10.0,,,,,,,early reversal direction returned None
2026-09-27T07:16:24.527303+00:00,CAKEUSDT,Bitget,NO_DIRECTION,,,,,10.0,,,,,,,early reversal direction returned None
2026-09-27T07:16:24.527303+00:00,CFXUSDT,Bitget,REVERSAL_FAILED,SHORT,81.2,0.0,,0.0,1.0,,,,,,countertrend early reversal requires stronger confirmation
2026-09-27T07:16:24.527303+00:00,DOTUSDT,Bitget,NO_DIRECTION,,,,,10.0,,,,,,,early reversal direction returned None
2026-09-27T07:16:24.527303+00:00,ENSUSDT,Bitget,NO_DIRECTION,,,,,10.0,,,,,,,early reversal direction returned None
2026-09-27T07:16:24.527303+00:00,ETCUSDT,Bitget,NO_DIRECTION,,,,,10.0,,,,,,,early reversal direction returned None
2026-09-27T07:16:24.527303+00:00,ETHFIUSDT,Bitget,NO_DIRECTION,,,,,10.0,,,,,,,early reversal direction returned None
2026-09-27T07:16:24.527303+00:00,FORMUSDT,Bitget,REVERSAL_FAILED,SHORT,81.2,0.0,,0.0,1.0,,,,,,countertrend early reversal requires stronger confirmation
2026-09-27T07:16:24.527303+00:00,HBARUSDT,Bitget,REVERSAL_FAILED,SHORT,67.5,0.0,,0.0,1.0,,,,,,countertrend early reversal requires stronger confirmation
2026-09-27T07:16:24.527303+00:00,JUPUSDT,Bitget,NO_DIRECTION,,,,,10.0,,,,,,,early reversal direction returned None
2026-09-27T07:16:24.527303+00:00,LITUSDT,Bitget,NO_DIRECTION,,,,,10.0,,,,,,,early reversal direction returned None
2026-09-27T07:16:24.527303+00:00,OPUSDT,Bitget,NO_DIRECTION,,,,,10.0,,,,,,,early reversal direction returned None
2026-09-27T07:16:24.527303+00:00,PEPEUSDT,Bitget,NO_DIRECTION,,,,,10.0,,,,,,,early reversal direction returned None
2026-09-27T07:16:24.527303+00:00,PUMPUSDT,Bitget,NO_DIRECTION,,,,,10.0,,,,,,,early reversal direction returned None
2026-09-27T07:16:24.527303+00:00,REZUSDT,Bitget,NO_DIRECTION,,,,,10.0,,,,,,,early reversal direction returned None
2026-09-27T07:16:24.527303+00:00,SKYAIUSDT,Bitget,NO_DIRECTION,,,,,10.0,,,,,,,early reversal direction returned None
2026-09-27T07:16:24.527303+00:00,STONKUSDT,Bitget,NO_DIRECTION,,,,,10.0,,,,,,,early reversal direction returned None
2026-09-27T07:16:24.527303+00:00,SYRUPUSDT,Bitget,NO_DIRECTION,,,,,10.0,,,,,,,early reversal direction returned None
2026-09-27T07:16:24.527303+00:00,TAOUSDT,Bitget,NO_DIRECTION,,,,,10.0,,,,,,,early reversal direction returned None
2026-09-27T07:16:24.527303+00:00,VIRTUALUSDT,Bitget,NO_DIRECTION,,,,,10.0,,,,,,,early reversal direction returned None
2026-09-27T07:16:24.527303+00:00,CROUSDT,Bitget,NO_DIRECTION,,,,,9.9,,,,,,,early reversal direction returned None
2026-09-27T07:16:24.527303+00:00,ATHUSDT,Bitget,NO_DIRECTION,,,,,9.8,,,,,,,early reversal direction returned None
2026-09-27T07:16:24.527303+00:00,TRIAUSDT,Bitget,NO_DIRECTION,,,,,9.8,,,,,,,early reversal direction returned None
2026-09-27T07:16:24.527303+00:00,GRASSUSDT,Bitget,NO_DIRECTION,,,,,9.6,,,,,,,early reversal direction returned None
2026-09-27T07:16:24.527303+00:00,LDOUSDT,Bitget,REVERSAL_FAILED,SHORT,81.2,0.0,,0.0,1.0,,,,,,countertrend early reversal requires stronger confirmation
2026-09-27T07:16:24.527303+00:00,EGLDUSDT,Bitget,NO_DIRECTION,,,,,9.4,,,,,,,early reversal direction returned None
2026-09-27T07:16:24.527303+00:00,DOSUSDT,Bitget,NO_DIRECTION,,,,,9.0,,,,,,,early reversal direction returned None
2026-09-27T07:16:24.527303+00:00,TUTUSDT,Bitget,REVERSAL_FAILED,LONG,67.5,0.0,,0.0,1.0,,,,,,countertrend early reversal requires stronger confirmation
2026-09-27T07:16:24.527303+00:00,MORPHOUSDT,Bitget,NO_DIRECTION,,,,,8.4,,,,,,,early reversal direction returned None
2026-09-27T07:16:24.527303+00:00,EDGEUSDT,Bitget,NO_DIRECTION,,,,,8.1,,,,,,,early reversal direction returned None
2026-09-27T07:16:24.527303+00:00,LTCUSDT,Bitget,NO_DIRECTION,,,,,8.1,,,,,,,early reversal direction returned None
2026-09-27T07:16:24.527303+00:00,WLFIUSDT,Bitget,NO_DIRECTION,,,,,8.0,,,,,,,early reversal direction returned None
2026-09-27T07:16:24.527303+00:00,NOTUSDT,Bitget,NO_DIRECTION,,,,,7.4,,,,,,,early reversal direction returned None
2026-09-27T07:16:24.527303+00:00,FILUSDT,Bitget,NO_DIRECTION,,,,,7.1,,,,,,,early reversal direction returned None
2026-09-27T07:16:24.527303+00:00,DYDXUSDT,Bitget,REVERSAL_FAILED,LONG,68.8,0.0,,0.0,1.0,,,,,,countertrend early reversal requires stronger confirmation
2026-09-27T07:16:24.527303+00:00,PIXELUSDT,Bitget,NO_DIRECTION,,,,,6.4,,,,,,,early reversal direction returned None
2026-09-27T07:16:24.527303+00:00,ZENUSDT,Bitget,NO_DIRECTION,,,,,6.3,,,,,,,early reversal direction returned None
2026-09-27T07:16:24.527303+00:00,DOGSUSDT,Bitget,NO_DIRECTION,,,,,6.1,,,,,,,early reversal direction returned None
2026-09-27T07:16:24.527303+00:00,CHIPUSDT,Bitget,NO_DIRECTION,,,,,5.7,,,,,,,early reversal direction returned None
2026-09-27T07:16:24.527303+00:00,FLOCKUSDT,Bitget,NO_DIRECTION,,,,,5.1,,,,,,,early reversal direction returned None
2026-09-27T07:16:24.527303+00:00,EPICUSDT,Bitget,NO_DIRECTION,,,,,5.0,,,,,,,early reversal direction returned None
2026-09-27T07:16:24.527303+00:00,SAHARAUSDT,Bitget,NO_DIRECTION,,,,,4.7,,,,,,,early reversal direction returned None
2026-09-27T07:16:24.527303+00:00,MONUSDT,Bitget,NO_DIRECTION,,,,,3.3,,,,,,,early reversal direction returned None
2026-09-27T07:16:24.527303+00:00,AKEUSDT,Bitget,NO_DIRECTION,,,,,3.0,,,,,,,early reversal direction returned None
2026-09-27T07:16:24.527303+00:00,GPSUSDT,Bitget,NO_DIRECTION,,,,,2.2,,,,,,,early reversal direction returned None
